Model_Region_ID_PK,Region_Name,Region_Code,State_ID_FK,City_or_Village_Name,District_Name,State_Name,Model_Zone_Name
2,Port Blair,AN-01,1,PORT BLAIR,ANDAMANS,ANDAMAN AND NICOBAR ISLANDS,B
1,Car Nicobar,AN-02,1,CAR NICOBAR,NICOBARS,ANDAMAN AND NICOBAR ISLANDS,B
7,Anantapur,AP-02,2,ANANTAPUR,ANANTAPUR,ANDHRA PRADESH,B
21,Hindupur,AP-02,2,HINDUPUR,ANANTAPUR,ANDHRA PRADESH,B
12,Chittoor,AP-03,2,MADANAPALLE,CHITTOOR,ANDHRA PRADESH,B
38,Madanapalle,AP-03,2,MADANAPALLE,CHITTOOR,ANDHRA PRADESH,B
72,Tirupathi,AP-03,2,TIRUPATI,CHITTOOR,ANDHRA PRADESH,B
26,Kadapa,AP-04,2,CUDDAPAH,CUDDAPAH,ANDHRA PRADESH,B
1586,Produtur,AP-04,2,PRODDATUR,CUDDAPAH,ANDHRA PRADESH,B
27,Kakinada,AP-05,2,KAKINADA,GODAVARI - EAST,ANDHRA PRADESH,B
1290,Amalapuram,AP-05,2,AMALAPURAM,GODAVARI - EAST,ANDHRA PRADESH,B
1455,Rajahmundry,AP-05,2,RAJAHMUNDRY,GODAVARI - EAST,ANDHRA PRADESH,B
5,Kakinada,AP-06,2,KAKINADA,GODAVARI - EAST,ANDHRA PRADESH,B
59,Rajahmundry,AP-06,2,RAJAHMUNDRY,GODAVARI - EAST,ANDHRA PRADESH,B
19,Guntur,AP-07,2,GUNTUR,GUNTUR,ANDHRA PRADESH,B
48,Narasaraopet,AP-07,2,NARASARAOPET,GUNTUR,ANDHRA PRADESH,B
56,Piduguralla,AP-07,2,GUNTUR,GUNTUR,ANDHRA PRADESH,B
71,Repalle,AP-07,2,GUNTUR,GUNTUR,ANDHRA PRADESH,B
20,Guntur,AP-08,2,GUNTUR,GUNTUR,ANDHRA PRADESH,B
1223,Nellore,AP-09,2,NELLORE,NELLORE,ANDHRA PRADESH,B
17,Gudivada,AP-16,2,GUDIVADA,KRISHNA,ANDHRA PRADESH,B
35,Krishna,AP-16,2,KRISHNA,KRISHNA,ANDHRA PRADESH,B
37,Machilipatnam,AP-16,2,MACHILIPATNAM,KRISHNA,ANDHRA PRADESH,B
46,Nandigama,AP-16,2,NANDIGAMA,KRISHNA,ANDHRA PRADESH,B
52,Nuzvid,AP-16,2,NUZVID,KRISHNA,ANDHRA PRADESH,B
73,Vijayawada,AP-16,2,VIJAYAWADA,KRISHNA,ANDHRA PRADESH,B
74,Vijayawada,AP-17,2,VIJAYAWADA,KRISHNA,ANDHRA PRADESH,B
75,Nuzvid,AP-18,2,NUZVID,KRISHNA,ANDHRA PRADESH,B
76,Nuzvid,AP-19,2,NUZVID,KRISHNA,ANDHRA PRADESH,B
4,Adoni,AP-21,2,ADONI,KURNOOL,ANDHRA PRADESH,B
36,Kurnool,AP-21,2,KURNOOL,KURNOOL,ANDHRA PRADESH,B
47,Nandyal,AP-21,2,NANDYAL,KURNOOL,ANDHRA PRADESH,B
18,Gudur,AP-26,2,GUDUR,NELLORE,ANDHRA PRADESH,B
31,Kavali,AP-26,2,KAVALI,NELLORE,ANDHRA PRADESH,B
49,Nellore,AP-26,2,NELLORE,NELLORE,ANDHRA PRADESH,B
67,Sullurpet,AP-26,2,SULLURPETA,NELLORE,ANDHRA PRADESH,B
11,Chirala,AP-27,2,CHIRALA,PRAKASAM,ANDHRA PRADESH,B
42,Markapur,AP-27,2,MARKAPUR,PRAKASAM,ANDHRA PRADESH,B
53,Ongole,AP-27,2,ONGOLE,PRAKASAM,ANDHRA PRADESH,B
57,Prakasam,AP-27,2,PRAKASAM,PRAKASAM,ANDHRA PRADESH,B
66,Srikakulam,AP-30,2,SRIKAKULAM,SRIKAKULAM,ANDHRA PRADESH,B
6,Anakapalli,AP-31,2,VISAKHAPATNAM (RURAL),VISAKHAPATNAM,ANDHRA PRADESH,B
16,Gajuwaka,AP-31,2,VISAKHAPATNAM (RURAL),VISAKHAPATNAM,ANDHRA PRADESH,B
77,Visakhapatnam,AP-31,2,VISAKHAPATNAM (RURAL),VISAKHAPATNAM,ANDHRA PRADESH,B
78,Visakhapatnam,AP-32,2,VISAKHAPATNAM (RURAL),VISAKHAPATNAM,ANDHRA PRADESH,B
79,Gajuwaka,AP-33,2,VISAKHAPATNAM (RURAL),VISAKHAPATNAM,ANDHRA PRADESH,B
80,Gajuwaka,AP-34,2,VISAKHAPATNAM (RURAL),VISAKHAPATNAM,ANDHRA PRADESH,B
81,Vizianagaram,AP-35,2,VIZIANAGARAM,VIZIANAGARAM,ANDHRA PRADESH,B
9,Bhimavaram,AP-37,2,BHIMAVARAM,GODAVARI - WEST,ANDHRA PRADESH,B
13,Eluru,AP-37,2,ELURU,GODAVARI - WEST,ANDHRA PRADESH,B
25,Jangareddygudem,AP-37,2,JANGAREDDIGUDEM,GODAVARI - WEST,ANDHRA PRADESH,B
34,Kovvur,AP-37,2,KOVVUR,GODAVARI - WEST,ANDHRA PRADESH,B
69,Tadepalligudem,AP-37,2,TADEPALLIGUDEM,GODAVARI - WEST,ANDHRA PRADESH,B
70,Tanuku,AP-37,2,TANUKU,GODAVARI - WEST,ANDHRA PRADESH,B
14,Eluru,AP-38,2,ELURU,GODAVARI - WEST,ANDHRA PRADESH,B
1618,Vijayawada,AP-39,2,VIJAYAWADA,KRISHNA,ANDHRA PRADESH,B
89,Itanagar,AR-01,3,ITANAGAR,LOWER SUBANSIRI,ARUNACHAL PRADESH,B
90,Itanagar,AR-02,3,ITANAGAR,LOWER SUBANSIRI,ARUNACHAL PRADESH,B
94,Tawang,AR-03,3,TAWANG,TAWANG,ARUNACHAL PRADESH,B
86,Bomdila,AR-04,3,BOMDILA,KAMENG - WEST,ARUNACHAL PRADESH,B
93,Seppa,AR-05,3,SEPPA,EAST KAMENG,ARUNACHAL PRADESH,B
97,Ziro,AR-06,3,ZIRO,PAPUM PARE,ARUNACHAL PRADESH,B
88,Daporiji,AR-07,3,DAPORIJO,UPPER SUBANSIRI,ARUNACHAL PRADESH,B
84,Along,AR-08,3,ALONG,SIANG - WEST,ARUNACHAL PRADESH,B
92,Pasighat,AR-09,3,PASIGHAT,SIANG - EAST,ARUNACHAL PRADESH,B
85,Anini,AR-10,3,ANINI,DIBANG VALLEY,ARUNACHAL PRADESH,B
95,Tezu,AR-11,3,TEZU,LOHIT,ARUNACHAL PRADESH,B
87,Changalang,AR-12,3,CHANGLANG,CHANGLANG,ARUNACHAL PRADESH,B
91,Khonsa,AR-13,3,KHONSA,TIRAP,ARUNACHAL PRADESH,B
96,Yingkiong,AR-14,3,YINGKIONG,UPPER SIANG,ARUNACHAL PRADESH,B
1314,Kurung Kumey,AR-15,3,KOLORIANG,KURUNG KUMEY,ARUNACHAL PRADESH,B
1316,Roing,AR-16,3,ROING,DIBANG VALLEY,ARUNACHAL PRADESH,B
1498,Hawai,AR-17,3,HAWAI,ANJAW,ARUNACHAL PRADESH,B
1533,Longding,AR-18,3,LONGDING,TIRAP,ARUNACHAL PRADESH,B
1521,Namsai,AR-20,3,NAMSAI,LOHIT,ARUNACHAL PRADESH,B
108,Guwahatieast,AS-01,4,GUWAHATI,KAMRUP,ASSAM,B
109,Guwahatiwest,AS-01,4,GUWAHATI,KAMRUP,ASSAM,B
978,Kamrup Metropolitan And Rural,AS-01,4,KAMRUP,KAMRUP,ASSAM,B
116,Nagaon,AS-02,4,NAGAON,NAGAON,ASSAM,B
111,Jorhat,AS-03,4,JORHAT,JORHAT,ASSAM,B
119,Sibsagar,AS-04,4,SIBSAGAR,SIVASAGAR,ASSAM,B
107,Golaghat,AS-05,4,GOLAGHAT,GOLAGHAT,ASSAM,B
104,Dibrugarh,AS-06,4,DIBRUGARH,DIBRUGARH,ASSAM,B
1013,Lakhimpur District,AS-07,4,LAKHIMPUR,DARRANG,ASSAM,B
118,Dima Hasao,AS-08,4,NORTH CACHAR HILLS,NORTH CACHAR HILLS,ASSAM,B
112,Karbi Anglong,AS-09,4,KARBI ANGLONG DIPHU NALA,KARBI ANGLONG,ASSAM,B
113,Karimganj,AS-10,4,KARIMGANJ,KARIMGANJ,ASSAM,B
100,Cachar,AS-11,4,CACHAR,CACHAR,ASSAM,B
105,SONITPUR,AS-12,4,SONITPUR,SONITPUR,ASSAM,B
1206,Sonitpur,AS-12,4,SONITPUR,SONITPUR,ASSAM,B
101,Darrang,AS-13,4,DARRANG,DARRANG,ASSAM,B
117,Nalbari,AS-14,4,NALBARI,NALBARI,ASSAM,B
98,Barpeta,AS-15,4,BARPETA,BARPETA,ASSAM,B
114,Kokrajhar,AS-16,4,KOKRAJHAR,KOKRAJHAR,ASSAM,B
103,Dhubri,AS-17,4,DHUBRI,DHUBRI,ASSAM,B
106,Goalpara,AS-18,4,GOALPARA,GOALPARA,ASSAM,B
99,Bongaigaon,AS-19,4,BONGAIGAON,BONGAIGAON,ASSAM,B
1081,Assam State Transport Corporation (Astc),AS-20,4,GUWAHATI,KAMRUP,ASSAM,B
115,Marigaon,AS-21,4,MARIGAON,MARIGAON,ASSAM,B
102,Dhemaji,AS-22,4,DHEMAJI,DHEMAJI,ASSAM,B
120,Tinsukia,AS-23,4,TINSUKIA,SONITPUR,ASSAM,B
110,Hailakandi,AS-24,4,HAILAKANDI,HAILAKANDI,ASSAM,B
1022,Assam Guwahati,AS-25,4,GUWAHATI,KAMRUP,ASSAM,B
1224,Chirang,AS-26,4,CHIRANG,ASSAM,ASSAM,B
121,Udalguri,AS-27,4,UDALGURI,DARRANG,ASSAM,B
1213,Baksa,AS-28,4,BAKSA,BAKSA,ASSAM,B
1082,Assam Police Vehicles,AS-30,4,GUWAHATI,KAMRUP,ASSAM,B
1083,Assam Police,AS-31,4,GUWAHATI,KAMRUP,ASSAM,B
1613,Patna,BEQ,5,PATNA,PATNA,BIHAR,B
1523,Bettiah,BEX-05,5,BETTIAH,BETTIAH,BIHAR,B
1456,Patna,BI-A,5,PATNA,PATNA,BIHAR,B
1463,Patna,BP-Q,5,PATNA,PATNA,BIHAR,B
968,Sheikhpura,BR 52,5,SHEIKHPURA,SHEIKHPURA,BIHAR,B
162,Patna,BR-01,5,PATNA,PATNA,BIHAR,B
139,Gaya,BR-02,5,GAYA,GAYA,BIHAR,B
129,Bhojpur,BR-03,5,BHOJPUR,BHOJPUR,BIHAR,B
133,Chapra,BR-04,5,CHAPRA,SARAN,BIHAR,B
157,Motihari,BR-05,5,MOTIHARI,EAST CHAMPARAN,BIHAR,B
158,Muzaffarpur,BR-06,5,MUZAFFARPUR,MUZAFFARPUR,BIHAR,B
134,Darbhanga,BR-07,5,DARBHANGA,DARBHANGA,BIHAR,B
156,Munger,BR-08,5,MUNGER,MUNGER,BIHAR,B
125,Begusarai,BR-09,5,BEGUSARAI,BEGUSARAI,BIHAR,B
128,Bhagalpur,BR-10,5,BHAGALPUR,BHAGALPUR,BIHAR,B
163,Purnea,BR-11,5,PURNIA,PURNIA,BIHAR,B
165,Saharsa,BR-19,5,SAHARSA,SAHARSA,BIHAR,B
159,Nalanda,BR-21,5,NALANDA,NALANDA,BIHAR,B
126,Bettiah,BR-22,5,BETTIAH,WEST CHAMPARAN,BIHAR,B
135,Dehri,BR-24,5,DEHRI,ROHTAS,BIHAR,B
146,Jahanabad,BR-25,5,JEHANABAD,JEHANABAD,BIHAR,B
123,Aurangabad,BR-26,5,AURANGABAD,AURANGABAD,BIHAR,B
160,Nawada,BR-27,5,NAWADA,NAWADA,BIHAR,B
142,Gopalganj,BR-28,5,GOPALGANJ,GOPALGANJ,BIHAR,B
170,Siwan,BR-29,5,SIWAN,SIWAN,BIHAR,B
169,Sitamrahi,BR-30,5,SITAMARHI,SITAMARHI,BIHAR,B
144,Vaishali,BR-31,5,VAISHALI,VAISHALI,BIHAR,B
155,Madhubani,BR-32,5,MADHUBANI,MADHUBANI,BIHAR,B
167,Samastipur,BR-33,5,SAMASTIPUR,SAMASTIPUR,BIHAR,B
150,Khagaria,BR-34,5,KHAGARIA,KHAGARIA,BIHAR,B
151,Kishanganj,BR-37,5,KISHAGANJ,KISHANGANJ,BIHAR,B
122,Araria,BR-38,5,ARARIA,ARARIA,BIHAR,B
149,Katihar,BR-39,5,KATIHAR,PURNIA,BIHAR,B
154,Madhepur,BR-43,5,MADHEPUR,MADHUBANI,BIHAR,B
131,Buxar,BR-44,5,BUXAR,BUXAR,BIHAR,B
127,Bhabua,BR-45,5,BHABUA,KAIMUR (BHABUA),BIHAR,B
148,Jamui,BR-46,5,JAMUI,JAMUI,BIHAR,B
1084,Supaul,BR-50,5,SUPAUL,SUPAUL,BIHAR,B
124,Banka,BR-51,5,BANKA,BANKA,BIHAR,B
168,Sheikhpura,BR-52,5,SHEKHAPUR,AURANGABAD,BIHAR,B
1085,Lakhisarai,BR-53,5,LAKHISARAI,LAKHISARAI,BIHAR,B
1217,Sheohar,BR-55,5,SHEOHAR,SHEOHAR,BIHAR,B
1221,Arwal,BR-56,5,ARWAL,GAYA,BIHAR,B
1403,Rohtas,BR-57,5,ROHTAS,ROHTAS,BIHAR,B
171,Chandigarh,CH-01,6,CHANDIGARH,CHANDIGARH,CHANDIGARH U.T.,B
1087,Chandigarh - Government Vehicles,CH-01,6,CHANDIGARH,CHANDIGARH,CHANDIGARH U.T.,B
1086,Chandigarh - Government Vehicles,CH-01G,6,CHANDIGARH,CHANDIGARH,CHANDIGARH U.T.,B
1088,Chandigarh - Commercial Vehicles,CH-02,6,CHANDIGARH,CHANDIGARH,CHANDIGARH U.T.,B
1065,Chandigarh,CH-03,6,CHANDIGARH,CHANDIGARH,CHANDIGARH U.T.,B
1025,Chandigarh,CH-04,6,CHANDIGARH,CHANDIGARH,CHANDIGARH U.T.,B
663,Chandigarh,PB-01,6,CHANDIGARH,CHANDIGARH,CHANDIGARH U.T.,B
174,Cggovernercggovt,CG-01,7,RAIPUR,RAIPUR,CHHATTISGARH,B
175,Chhattisgarh,CG-01,7,RAIPUR,RAIPUR,CHHATTISGARH,B
1014,Government Of Chattisgarh,CG-02,7,RAIPUR,RAIPUR,CHHATTISGARH,B
1015,Chattisgarh Police,CG-03,7,RAIPUR,RAIPUR,CHHATTISGARH,B
183,Raipur,CG-04,7,RAIPUR,RAIPUR,CHHATTISGARH,B
994,Dhamtari,CG-05,7,DHAMTARI,DHAMTARI,CHHATTISGARH,B
182,Mahasamund,CG-06,7,MAHASAMUND,MAHASAMUND,CHHATTISGARH,B
177,Durg,CG-07,7,DURG,DURG,CHHATTISGARH,B
184,Rajnandgaon,CG-08,7,RAJNANDGAON,RAJNANDGAON,CHHATTISGARH,B
180,Kawardha,CG-09,7,KAWARDHA,KAWARDHA,CHHATTISGARH,B
1464,Kabirdham,CG-09,7,KABIRDHAM,KABIRDHAM,CHHATTISGARH,B
173,Bilaspur,CG-10,7,BILASPUR,BILASPUR,CHHATTISGARH,B
995,Janjgir-Champa,CG-11,7,JANJGIR-CHAMPA,JANJGIR,CHHATTISGARH,B
181,Korba,CG-12,7,KORBA,KORBA,CHHATTISGARH,B
977,Raigarh,CG-13,7,RAIGARH,RAIGARH,CHHATTISGARH,B
1021,Chattisgarh Jashpur,CG-14,7,JASHPUR,JASHPUR,CHHATTISGARH,B
172,Ambikapur,CG-15,7,AMBIKAPUR,SURGUJA,CHHATTISGARH,B
975,Baikunthpur,CG-16,7,BAIKUNTHPUR,KORIYA,CHHATTISGARH,B
178,Jagdalpur,CG-17,7,JAGDALPUR,BASTAR,CHHATTISGARH,B
176,Dantewada,CG-18,7,DANTEWADA,BIJAPUR (CGH),CHHATTISGARH,B
179,Kanker,CG-19,7,KANKER,KANKER,CHHATTISGARH,B
1089,Bijapur,CG-20,7,BIJAPUR,BIJAPUR (CGH),CHHATTISGARH,B
1315,Narayanpur,CG-21,7,NARAYANPUR,NARAYANPUR,CHHATTISGARH,B
1447,Baloda Bazar,CG-22,7,BALODA BAZAR,RAIPUR,CHHATTISGARH,B
1460,Bemetara,CG-22,7,BEMETRA,DURG,CHHATTISGARH,B
1404,Gariyaband,CG-23,7,GARIABAND,RAIPUR,CHHATTISGARH,B
1448,Balod,CG-24,7,BALOD,DURG,CHHATTISGARH,B
1467,Bemetara,CG-25,7,BEMETRA,DURG,CHHATTISGARH,B
1499,Sukma,CG-26,7,SUKMA,SUKMA,CHHATTISGARH,B
1390,Kondagaun,CG-27,7,KONDAGAON,BASTAR,CHHATTISGARH,B
1477,Mungeli,CG-28,7,MUNGELI,BILASPUR,CHHATTISGARH,B
1564,Surajpur,CG-29,7,SURAJPUR,SURAJPUR,CHHATTISGARH,B
1565,Balrampur,CG-30,7,BALRAMPUR,BALRAMPUR,CHHATTISGARH,B
185,Silvassa,DN-09,8,SILVASSA CT,DADRA AND NAGAR HAVELI,DADRA AND NAGAR HAVELI,B
187,Diu,DD-02,9,DIU,DIU,DAMAN AND DIU,B
186,Daman,DD-03,9,DAMAN,DAMAN,DAMAN AND DIU,B
192,Delhi North Mall Road,DL-01,10,NEW DELHI,NEW DELHI,DELHI,A
196,New Delhi Tilak Marg,DL-02,10,WEST,WEST DELHI,DELHI,A
194,Delhi South Sheikh Sarai,DL-03,10,SOUTH DELHI,SOUTH DELHI,DELHI,A
1167,South Delhi South Sheikh Sarai,DL-03,10,SOUTH DELHI,SOUTH DELHI,DELHI,A
195,Delhi West Janak Puri,DL-04,10,JANAKPURI,WEST DELHI,DELHI,A
1169,West Delhi West 1 Janakpuri,DL-04,10,JANAKPURI,WEST DELHI,DELHI,A
190,Delhi North East Loni Road,DL-05,10,NORTH EAST DELHI,NORTH EAST DELHI,DELHI,A
188,Delhi Central Sarai Kale Khan,DL-06,10,CENTRAL,CENTRAL DELHI,DELHI,A
1173,Central Delhi Central Sarai Kale Khan,DL-06,10,CENTRAL,CENTRAL DELHI,DELHI,A
189,Delhi East Anand VIhar,DL-07,10,EAST DELHI,EAST DELHI,DELHI,A
1176,East Delhi East 1 Mayur VIhar,DL-07,10,EAST DELHI,EAST DELHI,DELHI,A
191,Delhi North West Ashok VIhar,DL-08,10,NORTH WEST DELHI,NORTH WEST DELHI,DELHI,A
1181,North West Delhi 1 Wazir Pur,DL-08,10,NORTH WEST DELHI,NORTH WEST DELHI,DELHI,A
193,Delhi South West Palam,DL-09,10,SOUTH WEST,SOUTH WEST,DELHI,A
964,Palam,DL-09,10,JANAKPURI,WEST DELHI,DELHI,A
1182,South West Delhi South West 1 Janakpuri,DL-09,10,JANAKPURI,WEST DELHI,DELHI,A
1504,Vasant VIhar,DL-09,10,CHANAKYA PURI,NEW DELHI,DELHI,A
1018,West Delhi-II Raja Garden,DL-10,10,WEST,WEST DELHI,DELHI,A
1019,Delhi Rohini,DL-11,10,ROHINI,NORTH WEST DELHI,DELHI,A
960,Vasant VIhar,DL-12,10,RAJOURI GARDEN,WEST DELHI,DELHI,A
961,Delhi East II Surajmal VIhar,DL-13,10,EAST DELHI,EAST DELHI,DELHI,A
1271,Mall Road,DL-14,10,NORTH DELHI,NORTH WEST DELHI,DELHI,A
1361,Sonipat,DL-14,10,NEW DELHI,NEW DELHI,DELHI,B
1362,Gurgaon,DL-15,10,NEW DELHI,NEW DELHI,DELHI,B
1363,Faridabad,DL-16,10,NEW DELHI,NEW DELHI,DELHI,B
1364,Noida,DL-17,10,NEW DELHI,NEW DELHI,DELHI,B
1365,Ghaziabad,DL-18,10,NEW DELHI,NEW DELHI,DELHI,B
1573,Delhi North Burari,DL-1Z,10,BURARI,NORTH DELHI,DELHI,A
1573,Delhi North Burari,DL-1Z,10,BURARI,NORTH DELHI,DELHI,B
1482,South Delhi Sheikh Sari,DL-3C,10,SHEIKH SARAI,SOUTH DELHI,DELHI,A
1619,Delhi West Janak Puri,DL-4,10,JANAKPURI,WEST DELHI,DELHI,A
1466,Raja Garden,DL-4C,10,NEW DELHI,NEW DELHI,DELHI,A
1607,Mall Road,DL-9C,10,DELHI CANTT.,SOUTH WEST,DELHI,A
1624,Palam,DL-9S,10,DELHI,DELHI,DELHI,A
200,Panjim,GA-01,11,PANAJI,GOA - NORTH,GOA,B
1090,Panaji,GA-01,11,PANAJI,GOA - NORTH,GOA,B
1306,Panaji,GA-01,11,PANAJI,GOA - NORTH,GOA,B
1091,Margao,GA-02,11,GOA,GOA,GOA,B
1307,Margao,GA-02,11,MARGAO,GOA - SOUTH,GOA,B
198,Mapusa,GA-03,11,MAPUSA,GOA - NORTH,GOA,B
197,Bicholim,GA-04,11,BICHOLIM,GOA - NORTH,GOA,B
202,Ponda,GA-05,11,PONDA,GOA - SOUTH,GOA,B
204,Vasco,GA-06,11,MORMUGAO,GOA - SOUTH,GOA,B
201,Panaji,GA-07,11,PANAJI,GOA - NORTH,GOA,B
199,Margao,GA-08,11,MARGAO,GOA - SOUTH,GOA,B
1068,Quepem,GA-09,11,QUEPEM,GOA - SOUTH,GOA,B
1289,Canacona,GA-10,11,CANCONA,GOA - SOUTH,GOA,B
1278,Pernem,GA-11,11,PERNEM,GOA - NORTH,GOA,B
1405,Dharbandora,GA-12,11,DARBANDORA,GOA - SOUTH,GOA,B
205,Ahmedabad,GJ-01,12,AHMEDABAD,AHMEDABAD,GUJARAT,A
220,Mehsana,GJ-02,12,MAHESANA,MAHESANA,GUJARAT,B
228,Rajkot,GJ-03,12,RAJKOT,RAJKOT,GUJARAT,B
211,Bhavnagar,GJ-04,12,BHAVNAGAR,BHAVNAGAR,GUJARAT,B
231,Surat,GJ-05,12,SURAT,SURAT,GUJARAT,B
233,Vadodara,GJ-06,12,VADODARA,VADODARA,GUJARAT,B
218,Kheda,GJ-07,12,KHEDA,KHEDA,GUJARAT,B
221,Nadiad,GJ-07,12,KHEDA,KHEDA,GUJARAT,B
208,Banaskantha,GJ-08,12,PALANPUR,BANAS KANTHA,GUJARAT,B
224,Palanpur,GJ-08,12,PALANPUR,BANAS KANTHA,GUJARAT,B
215,Himmatnagar,GJ-09,12,HIMATNAGAR,SABAR KANTHA,GUJARAT,B
230,Sabarkantha,GJ-09,12,SABAR KANTHA,SABAR KANTHA,GUJARAT,B
216,Jamnagar,GJ-10,12,JAMNAGAR,JAMNAGAR,GUJARAT,B
217,Junagadh,GJ-11,12,JUNAGADH,JUNAGADH,GUJARAT,B
219,Bhuj-Kutch,GJ-12,12,KACHCHH,KACHCHH,GUJARAT,B
232,Surendranagar,GJ-13,12,SURENDRA NAGAR,SURENDRANAGAR,GUJARAT,B
206,Amreli,GJ-14,12,AMRELI,AMRELI,GUJARAT,B
234,Valsad,GJ-15,12,VALSAD,VALSAD,GUJARAT,B
210,Bharuch,GJ-16,12,BHARUCH INA,BHARUCH,GUJARAT,B
214,Godhra,GJ-17,12,GODHRA,PANCH MAHALS,GUJARAT,B
225,Panchmahal,GJ-17,12,PANCH MAHALS,PANCH MAHALS,GUJARAT,B
213,Gandhinagar,GJ-18,12,GANDHINAGAR,GANDHINAGAR,GUJARAT,B
209,Bardoli,GJ-19,12,BARDOLI,SURAT,GUJARAT,B
212,Dahod,GJ-20,12,DAHOD,DAHOD,GUJARAT,B
223,Navsari,GJ-21,12,NAVSARI,NAVSARI,GUJARAT,B
222,Narmada,GJ-22,12,RAJPIPLA,NARMADA,GUJARAT,B
229,Rajpipla,GJ-22,12,RAJPIPLA,NARMADA,GUJARAT,B
207,Anand,GJ-23,12,ANAND,ANAND,GUJARAT,B
226,Patan,GJ-24,12,PATAN,PATAN,GUJARAT,B
227,Porbandar,GJ-25,12,PORBANDAR,PORBANDER,GUJARAT,B
1092,Vyara,GJ-26,12,VYARA,SURAT,GUJARAT,B
1093,East Ahmedabad,GJ-27,12,AHMEDABAD CANTONMENT,AHMEDABAD,GUJARAT,A
1406,Surat,GJ-28,12,SURAT,SURAT,GUJARAT,B
1094,Vadodara Rural,GJ-29,12,VADODARA,VADODARA,GUJARAT,B
1340,Dang,GJ-30,12,WAGHAI,THE DANGS,GUJARAT,B
1317,Gandhidham,GJ-31,12,GANDHIDHAM,KACHCHH,GUJARAT,B
1472,Aravalli,GJ-31,12,MODASA,ARAVALLI,GUJARAT,B
1407,Botad,GJ-32,12,BOTAD,BHAVNAGAR,GUJARAT,B
1566,Veraval,GJ-32,12,VERAVAL,Gir Somnath,GUJARAT,B
1638,Gir Somnath,GJ-32,12,VERAVAL,Gir Somnath,GUJARAT,B
1500,Botad,GJ-33,12,BOTAD,Botad,GUJARAT,B
1446,Dwarka,GJ-34,12,DWARKA,JAMNAGAR,GUJARAT,B
1484,Chhota Udaipur,GJ-34,12,CHHOTA UDAIPUR,VADODARA,GUJARAT,B
1408,Lunavada,GJ-35,12,LUNAWADA,PANCH MAHALS,GUJARAT,B
1409,Morbi,GJ-36,12,MORBI,RAJKOT,GUJARAT,B
1410,Chhota Udaipur,GJ-37,12,CHHOTA UDAIPUR,VADODARA,GUJARAT,B
1485,Khambhalia (Dwarka),GJ-37,12,KHAMBHALIA,JAMNAGAR,GUJARAT,B
1411,Gir Somnath-Veraval,GJ-38,12,VERAVAL,JUNAGADH,GUJARAT,B
1589,Bavla,GJ-38,12,BAVLA,AHMEDABAD,GUJARAT,A
236,Ambala,HR-01,13,AMBALA CITY,AMBALA,HARYANA,B
258,Jagadhri,HR-02,13,JAGADHRI,YAMUNANAGAR,HARYANA,B
1588,Yamunanagar,HR-02,13,YAMUNANAGAR,YAMUNANAGAR,HARYANA,B
275,Panchkula,HR-03,13,PANCHKULA,PANCHKULA,HARYANA,B
270,Naraingarh,HR-04,13,NARAINGARH,AMBALA,HARYANA,B
263,Karnal,HR-05,13,KARNAL,KARNAL,HARYANA,B
276,Panipat,HR-06,13,PANIPAT,PANIPAT,HARYANA,B
265,Kurukshetra,HR-07,13,KURUKSHETRA,KURUKSHETRA,HARYANA,B
261,Kaithal,HR-08,13,KAITHAL,KAITHAL,HARYANA,B
250,Gulah,HR-09,13,GUHLA,KAITHAL,HARYANA,B
283,Sonepat,HR-10,13,SONIPAT,SONIPAT,HARYANA,B
249,Gohana,HR-11,13,GOHANA,SONIPAT,HARYANA,B
279,Rohtak,HR-12,13,ROHTAK,ROHTAK,HARYANA,B
239,Bhadurgarh,HR-13,13,BAHAUDRGARH,JHAJJAR,HARYANA,B
259,Jhajjar,HR-14,13,JHAJAJR,JHAJJAR,HARYANA,B
268,Meham,HR-15,13,MEHEM,ROHTAK,HARYANA,B
240,Bhiwani,HR-16,13,BHIWANI,BHIWANI,HARYANA,B
282,Siwani,HR-17,13,SIWANI,BHIWANI,HARYANA,B
266,Loharu,HR-18,13,LOHARU,BHIWANI,HARYANA,B
242,Charkhi Dadri,HR-19,13,CHARKHI DADRI,BHIWANI,HARYANA,B
255,Hisar,HR-20,13,HISAR,HISAR,HARYANA,B
254,Hansi,HR-21,13,HANSI,HISAR,HARYANA,B
246,Fatehabad,HR-22,13,FATEHABAD,FATEHABAD,HARYANA,B
285,Tohana,HR-23,13,TOHANA,HISAR,HARYANA,B
281,Sirsa,HR-24,13,SIRSA,SIRSA,HARYANA,B
243,Dabwali,HR-25,13,DABWALI,SIRSA,HARYANA,B
251,Gurgaon,HR-26,13,GURGAON,GURGAON,HARYANA,B
1555,Jind,HR-26,13,JIND,JIND,HARYANA,B
256,NUH,HR-27,13,NUH,GURGAON,HARYANA,B
247,Ferozpur Jhirka,HR-28,13,FEROZEPUR JHIRKA,GURGAON,HARYANA,B
238,Ballabgarh,HR-29,13,BALLABGARH,FARIDABAD,HARYANA,B
1343,Faridabad,HR-29,13,FARIDABAD,FARIDABAD,HARYANA,B
274,Palwal,HR-30,13,PALWAL,FARIDABAD,HARYANA,B
260,Jind,HR-31,13,JIND,JIND,HARYANA,B
272,Narwana,HR-32,13,NARWANA,JIND,HARYANA,B
280,Safidon,HR-33,13,SAFIDON,JIND,HARYANA,B
269,Mohindergarh,HR-34,13,MOHINDERGARH,MAHENDRAGARH,HARYANA,B
271,Narnaul,HR-35,13,NARNAUL,MAHENDRAGARH,HARYANA,B
278,Rewari,HR-36,13,REWARI,REWARI,HARYANA,B
1063,Ambala (Commercial Vehicles Only),HR-37,13,AMBALA CANTT.,AMBALA,HARYANA,B
252,Faridabad Commercial,HR-38,13,FARIDABAD,FARIDABAD,HARYANA,B
1199,Faridabad (Commercial Vehicles Only),HR-38,13,FARIDABAD,FARIDABAD,HARYANA,B
1054,Hisar (Commercial Vehicles Only),HR-39,13,HISAR,HISAR,HARYANA,B
237,Assandh,HR-40,13,ASSANDH,KARNAL,HARYANA,B
277,Pehowa,HR-41,13,PEHOWA,KURUKSHETRA,HARYANA,B
248,Ganaur,HR-42,13,GANAUR,SONIPAT,HARYANA,B
264,Kosli,HR-43,13,KOSLI,REWARI,HARYANA,B
244,Ellanabad,HR-44,13,ELLENABAD,SIRSA,HARYANA,B
1066,Karnal (Commercial Vehicles Only),HR-45,13,KARNAL,KARNAL,HARYANA,B
1071,Rohtak (Commercial Vehicles Only),HR-46,13,ROHTAK,ROHTAK,HARYANA,B
1072,Rewari (Commercial Vehicles Only),HR-47,13,REWARI,REWARI,HARYANA,B
284,Tosham,HR-48,13,TOSHAM,BHIWANI,HARYANA,B
262,Kalka,HR-49,13,KALKA,PANCHKULA,HARYANA,B
257,Hodal,HR-50,13,HODAL,FARIDABAD,HARYANA,B
245,Faridabad,HR-51,13,FARIDABAD,FARIDABAD,HARYANA,B
267,Hathin,HR-52,13,HATHIN,FARIDABAD,HARYANA,B
235,Adampur,HR-53,13,ADAMPUR,GURGAON,HARYANA,B
241,Borara,HR-54,13,BARARA,AMBALA,HARYANA,B
253,Gurgaon,HR-55,13,GURGAON,GURGAON,HARYANA,B
1067,Jind (Commercial Vehicles Only),HR-56,13,JIND,JIND,HARYANA,B
1112,Sirsa (Commercial Vehicles Only),HR-57,13,SIRSA,SIRSA,HARYANA,B
1195,Jagadhari-Yamuna Nagar (Commercial Vehicles Only),HR-58,13,JAGADHRI,YAMUNANAGAR,HARYANA,B
980,Ratia,HR-59,13,RATIA,HISAR,HARYANA,B
1120,Samalkha,HR-60,13,SAMALKHA,PANIPAT,HARYANA,B
1076,Bhiwani,HR-61,13,BHIWANI,BHIWANI,HARYANA,B
1122,Fatehabad (Commercial Vehicles Only),HR-62,13,FATEHABAD,FATEHABAD,HARYANA,B
1073,Jhajjar (Commercial Vehicles Only),HR-63,13,JHAJJAR,JHAJJAR,HARYANA,B
1124,Kaithal (Commercial Vehicles Only),HR-64,13,KAITHAL,KAITHAL,HARYANA,B
1125,Kurukshetra (Commercial Vehicles Only),HR-65,13,KURUKSHETRA,KURUKSHETRA,HARYANA,B
1074,Narnaul (Commercial Vehicles Only),HR-66,13,NARNAUL,MAHENDRAGARH,HARYANA,B
1126,Panipat (Commercial Vehicles Only),HR-67,13,PANIPAT,PANIPAT,HARYANA,B
1127,Panchkula (Commercial Vehicles Only),HR-68,13,PANCHKULA,PANCHKULA,HARYANA,B
1131,Sonipat (Commercial Vehicles Only),HR-69,13,SONIPAT,SONIPAT,HARYANA,B
1204,Chandigarh,HR-70,13,CHANDIGARH,CHANDIGARH,HARYANA,B
1208,Panchkula,HR-70,13,PANCHKULA,PANCHKULA,HARYANA,B
1138,Bilaspur,HR-71,13,BILASPUR,YAMUNANAGAR,HARYANA,B
1141,Gurgaon (South),HR-72,13,GURGAON,GURGAON,HARYANA,B
1142,Palwal,HR-73,13,PALWAL,FARIDABAD,HARYANA,B
1069,Mewat (Nuh),HR-74,13,MEWAT,MEWAT,HARYANA,B
1153,Indiri,HR-75,13,INDRI,GURGAON,HARYANA,B
1147,Pataudi,HR-76,13,PATAUDI,GURGAON,HARYANA,B
1151,Beri,HR-77,13,BERI,JHAJJAR,HARYANA,B
1205,Sahabad,HR-78,13,CHANDIGARH,CHANDIGARH,HARYANA,B
1279,Kharkhoda,HR-79,13,KHARKHODA,SONIPAT,HARYANA,B
1203,Barwala,HR-80,13,BARWALA,HISAR,HARYANA,B
1413,Bawal,HR-81,13,BAWA,REWARI,HARYANA,B
1462,Kanina,HR-82,13,MAHENDRAGARH,MAHENDRAGARH,HARYANA,B
1532,Kalayat,HR-83,13,KALAYAT,KAITHAL,HARYANA,B
1579,Charkhi Dadri,HR-84,13,CHARKHI,BHIWANI,HARYANA,B
1571,Ambala,HR-85,13,AMBALA CANTT.,AMBALA,HARYANA,B
1280,Sonipat,HR-86,13,SONIPAT,SONIPAT,HARYANA,B
1629,Narnaud,HR-86,13,NARNAUND,HISAR,HARYANA,B
1570,Badhkal,HR-87,13,FARIDABAD,FARIDABAD,HARYANA,B
1275,Kundli,HR-88,13,KUNDLI,SONIPAT,HARYANA,B
1608,Badil,HR-89,13,BADLI,JHAJJAR,HARYANA,B
1580,Uchana,HR-90,13,UCHANA,JIND,HARYANA,B
1615,Gharaunda,HR-91,13,GHARAUNDA,KARNAL,HARYANA,B
1596,Radaur,HR-92,13,RADAUR,YAMUNANAGAR,HARYANA,B
1592,Chandigarh,HR-93,13,CHANDIGARH,CHANDIGARH,HARYANA,B
1606,Kalanwali,HR-94,13,KALAN WALI,SIRSA,HARYANA,B
1617,Sampla,HR-95,13,JAHJJAR,JHAJJAR,HARYANA,B
1621,Tauru,HR-96,13,MEWAT,MEWAT,HARYANA,B
1611,Ladwa,HR-97,13,LADWA,KURUKSHETRA,HARYANA,B
1220,Rohtak,HYR-168,13,ROHTAK,ROHTAK,HARYANA,B
337,Shimla - Urban,HP-01,14,SHIMLA,SHIMLA,HIMACHAL PRADESH,B
1095,Shimla Urban Tourist Buses And Taxis,HP-01,14,THELO,SHIMLA,HIMACHAL PRADESH,B
332,Shimla,HP-02,14,SHIMLA,SHIMLA,HIMACHAL PRADESH,B
338,Shimla - Urban,HP-02,14,SHIMLA,SHIMLA,HIMACHAL PRADESH,B
1096,Shimla - Urban (Tourist Buses And Taxis),HP-02,14,SHIMLA,SHIMLA,HIMACHAL PRADESH,B
333,Shimla,HP-03,14,SHIMLA,SHIMLA,HIMACHAL PRADESH,B
339,Shimla - Urban,HP-03,14,SHIMLA,SHIMLA,HIMACHAL PRADESH,B
300,Dharamsala,HP-04,14,DHARAMSALA,KANGRA,HIMACHAL PRADESH,B
315,Mandi,HP-05,14,MANDI,MANDI,HIMACHAL PRADESH,B
329,Rampur Bushar,HP-06,14,SHIMLA,SHIMLA,HIMACHAL PRADESH,B
328,Shimla,HP-07,14,SHIMLA,SHIMLA,HIMACHAL PRADESH,B
296,Chaupal,HP-08,14,CHAUPAL,SHIMLA,HIMACHAL PRADESH,B
342,Theog,HP-09,14,THEOG,SHIMLA,HIMACHAL PRADESH,B
330,Rohru,HP-10,14,ROHRU,SHIMLA,HIMACHAL PRADESH,B
288,Arki,HP-11,14,ARKI,SOLAN,HIMACHAL PRADESH,B
319,Nalagarh,HP-12,14,NALAGARH,SOLAN,HIMACHAL PRADESH,B
309,Kandaghat,HP-13,14,KANDAGHAT,SHIMLA,HIMACHAL PRADESH,B
340,Solan,HP-14,14,SOLAN,SOLAN,HIMACHAL PRADESH,B
325,Parwanoo,HP-15,14,RAJGARH,SIRMAUR,HIMACHAL PRADESH,B
327,Rajgarh,HP-16,14,RAJGARH,SIRMAUR,HIMACHAL PRADESH,B
324,Paonta Sahib,HP-17,14,PAONTA SAHIB,SIRMAUR,HIMACHAL PRADESH,B
318,Nahan,HP-18,14,NAHAN,SIRMAUR,HIMACHAL PRADESH,B
286,Amb,HP-19,14,AMB,UNA,HIMACHAL PRADESH,B
344,Una,HP-20,14,UNA,UNA,HIMACHAL PRADESH,B
291,Barsar,HP-21,14,BARSAR,HAMIRPUR,HIMACHAL PRADESH,B
304,Hamirpur,HP-22,14,HAMIRPUR,HAMIRPUR,HIMACHAL PRADESH,B
302,Ghumarvi,HP-23,14,GHUMARWIN,BILASPUR,HIMACHAL PRADESH,B
293,Bilaspur,HP-24,14,BILASPUR,BILASPUR,HIMACHAL PRADESH,B
308,Kalpa,HP-25,14,KALPA,KINNAUR,HIMACHAL PRADESH,B
320,Nichar,HP-26,14,NICHAR,KINNAUR,HIMACHAL PRADESH,B
326,Pooh,HP-27,14,POOH,KINNAUR,HIMACHAL PRADESH,B
331,Sarkaghat,HP-28,14,SARKAGHAT,MANDI,HIMACHAL PRADESH,B
307,Joginder Nagar,HP-29,14,JOGINDERNAGAR,MANDI,HIMACHAL PRADESH,B
311,Karsog,HP-30,14,KARSOG,MANDI,HIMACHAL PRADESH,B
341,Sundernagar,HP-31,14,SUNDARNAGAR,MANDI,HIMACHAL PRADESH,B
303,Gohar (Mandi),HP-32,14,GOHAR,MANDI,HIMACHAL PRADESH,B
316,Mandi,HP-33,14,MANDI,MANDI,HIMACHAL PRADESH,B
314,Kullu,HP-34,14,KULLU,KULLU,HIMACHAL PRADESH,B
287,Anni,HP-35,14,ANNI,KULLU,HIMACHAL PRADESH,B
299,Dehra,HP-36,14,DEHRI,KANGRA,HIMACHAL PRADESH,B
322,Palampur,HP-37,14,PALAMPUR,KANGRA,HIMACHAL PRADESH,B
321,Nurpur,HP-38,14,NURPUR,KANGRA,HIMACHAL PRADESH,B
301,Dharamshala,HP-39,14,DHARAMSALA,KANGRA,HIMACHAL PRADESH,B
310,Kangra,HP-40,14,KANGRA,KANGRA,HIMACHAL PRADESH,B
312,Kaza,HP-41,14,KAZA KHAS,LAHUL AND SPITI,HIMACHAL PRADESH,B
313,Keylong,HP-42,14,KYELANG,LAHUL AND SPITI,HIMACHAL PRADESH,B
343,Udaipur,HP-43,14,UDAIPUR,LAHUL AND SPITI,HIMACHAL PRADESH,B
297,Churah,HP-44,14,CHURAH,CHAMBA,HIMACHAL PRADESH,B
323,Pangi,HP-45,14,PANGI,CHAMBA,HIMACHAL PRADESH,B
292,Bharmour,HP-46,14,BHARMOUR,CHAMBA,HIMACHAL PRADESH,B
298,Dalhousie,HP-47,14,DALHOUSIE,CHAMBA,HIMACHAL PRADESH,B
295,Chamba,HP-48,14,CHAMBA,CHAMBA,HIMACHAL PRADESH,B
290,Banjar,HP-49,14,BANJAR,MANDI,HIMACHAL PRADESH,B
334,Shimla,HP-50,14,SHIMLA,SHIMLA,HIMACHAL PRADESH,B
335,Shimla,HP-51,14,SHIMLA,SHIMLA,HIMACHAL PRADESH,B
336,Shimla,HP-52,14,SHIMLA,SHIMLA,HIMACHAL PRADESH,B
289,Baijnath,HP-53,14,BAIJANATH,KANGRA,HIMACHAL PRADESH,B
306,Jawali,HP-54,14,JAWALI,KANGRA,HIMACHAL PRADESH,B
305,Hamirpur,HP-55,14,HAMIRPUR,HAMIRPUR,HIMACHAL PRADESH,B
317,Nadaun,HP-55,14,NADAUN,HAMIRPUR,HIMACHAL PRADESH,B
1097,Jaisinghpur,HP-56,14,JAIINGHPUR,KANGRA,HIMACHAL PRADESH,B
1201,Chowari,HP-57,14,CHOWARI,CHAMBA,HIMACHAL PRADESH,B
1079,Manali,HP-58,14,MANALI,KULLU,HIMACHAL PRADESH,B
1341,Solan,HP-59,14,SOLAN,SOLAN,HIMACHAL PRADESH,B
1412,Hamirpur,HP-60,14,HAMIRPUR,HAMIRPUR,HIMACHAL PRADESH,B
1338,Kullu,HP-61,14,KULLU,KULLU,HIMACHAL PRADESH,B
1055,Dodrakwar,HP-62,14,DODRA KAWAR,SHIMLA,HIMACHAL PRADESH,B
1056,Shimla,HP-63,14,SHIMLA,SHIMLA,HIMACHAL PRADESH,B
1057,Solan,HP-64,14,SOLAN,SOLAN,HIMACHAL PRADESH,B
1077,Mandi,HP-65,14,MANDI,MANDI,HIMACHAL PRADESH,B
1078,Kullu,HP-66,14,KULLU,KULLU,HIMACHAL PRADESH,B
1058,Hamirpur,HP-67,14,HAMIRPUR,HAMIRPUR,HIMACHAL PRADESH,B
1059,Dharamshala,HP-68,14,KANGRA,KANGRA,HIMACHAL PRADESH,B
1060,Bilaspur,HP-69,14,BILASPUR,BILASPUR,HIMACHAL PRADESH,B
1352,Bilaspur,HP-70,14,BILASPUR,BILASPUR,HIMACHAL PRADESH,B
1061,Nahan,HP-71,14,NAHAN,SIRMAUR,HIMACHAL PRADESH,B
1062,Una,HP-72,14,UNA,UNA,HIMACHAL PRADESH,B
1098,Chamba,HP-73,14,CHAMBA,CHAMBA,HIMACHAL PRADESH,B
1099,Bhoranj,HP-74,14,BHORANJ,HAMIRPUR,HIMACHAL PRADESH,B
1080,Paddhar,HP-76,14,PADHAR(T),MANDI,HIMACHAL PRADESH,B
1357,Dodra Kawar,HP-77,14,DODRA KAWAR,SHIMLA,HIMACHAL PRADESH,B
1313,Bangana,HP-78,14,UNA,UNA,HIMACHAL PRADESH,B
1312,Sangrah,HP-79,14,ANDHERI,SIRMAUR,HIMACHAL PRADESH,B
1488,Haroli,HP-80,14,HAROLI,UNA,HIMACHAL PRADESH,B
1501,Salooni,HP-81,14,SALOONI,CHAMBA,HIMACHAL PRADESH,B
1496,Mandi Rural,HP-82,14,MANDI,MANDI,HIMACHAL PRADESH,B
1494,Jawalaji Kangra,HP-83,14,JAWALAMUKHI,KANGRA,HIMACHAL PRADESH,B
1478,Sujanpur,HP-84,14,SUJANPUR TIRA,HAMIRPUR,HIMACHAL PRADESH,B
1476,Shillai,HP-85,14,SHILLAI,SIRMAUR,HIMACHAL PRADESH,B
1503,Sarkaghat Dharmpur,HP-86,14,SARKAGHAT,MANDI,HIMACHAL PRADESH,B
1520,Dharmpur,HP-86,14,DHARMPUR,MANDI,HIMACHAL PRADESH,B
1616,Janjehli,HP-87,14,JANJEHLI,MANDI,HIMACHAL PRADESH,B
1600,Fatehpur,HP-88,14,FATEHPUR,KANGRA,HIMACHAL PRADESH,B
1584,Jhandutta,HP-89,14,JHANDUTTA,BILASPUR,HIMACHAL PRADESH,B
1576,Shahpur,HP-90,14,SHAHPUR,KANGRA,HIMACHAL PRADESH,B
1593,Naina Devi,HP-91,14,NAINA DEVI,BILASPUR,HIMACHAL PRADESH,B
1594,Rampur,HP-92,14,RAMPUR,SHIMLA,HIMACHAL PRADESH,B
1569,Baddi,HP-93,14,BADDI,SOLAN,HIMACHAL PRADESH,B
1599,Kangra,HP-94,14,KANGRA,KANGRA,HIMACHAL PRADESH,B
1590,Kumarsain,HP-95,14,KUMARSAIN,SHIMLA,HIMACHAL PRADESH,B
1614,Dheera,HP-96,14,MARANDA,KANGRA,HIMACHAL PRADESH,B
1627,Indora,HP-97,14,KANGRA,KANGRA,HIMACHAL PRADESH,B
359,Srinagar,JK-01,15,SRINAGAR,SRINAGAR,JAMMU AND KASHMIR,B
351,Jammu,JK-02,15,JAMMU,JAMMU,JAMMU AND KASHMIR,B
345,Anantnag,JK-03,15,ANANTHNAG,ANANTNAG,JAMMU AND KASHMIR,B
349,Budgam,JK-04,15,BUDGAM,BADGAM,JAMMU AND KASHMIR,B
348,Baramulla,JK-05,15,BARAMULLA,BARAMULLA,JAMMU AND KASHMIR,B
350,Doda,JK-06,15,DODA,DODA,JAMMU AND KASHMIR,B
352,Kargil,JK-07,15,KARGIL,KARGIL,JAMMU AND KASHMIR,B
353,Kathua,JK-08,15,KATHUA,KATHUA,JAMMU AND KASHMIR,B
354,Kupwara,JK-09,15,KUPWARA,KUPWARA,JAMMU AND KASHMIR,B
355,Leh,JK-10,15,LEH,LEH (LADAKH),JAMMU AND KASHMIR,B
358,Rajouri,JK-11,15,RAJOURI,POONCH,JAMMU AND KASHMIR,B
356,Poonch,JK-12,15,POONCH,POONCH,JAMMU AND KASHMIR,B
357,Pulwama,JK-13,15,PULWAMA,ANANTNAG,JAMMU AND KASHMIR,B
360,Udhampur,JK-14,15,UDHAMPUR,UDHAMPUR,JAMMU AND KASHMIR,B
1170,Bandipora,JK-15,15,BANDIPORE,BARAMULLA,JAMMU AND KASHMIR,B
1171,Ganderbal,JK-16,15,GANDERBAL,SRINAGAR,JAMMU AND KASHMIR,B
1172,Kishtwar,JK-17,15,KISHTWAR,DODA,JAMMU AND KASHMIR,B
1174,Kulgam,JK-18,15,KULGAM,PULWAMA,JAMMU AND KASHMIR,B
1175,Ramban,JK-19,15,RAMBAN,DODA,JAMMU AND KASHMIR,B
1177,Reasi,JK-20,15,REASI,RAJAURI,JAMMU AND KASHMIR,B
1178,Samba,JK-21,15,SAMBA,JAMMU,JAMMU AND KASHMIR,B
1196,Shopian,JK-22,15,SHOPIAN,SHOPIAN,JAMMU AND KASHMIR,B
1358,Hazaribagh,BR-13,16,HAZARIBAGH,HAZARIBAG,JHARKHAND,B
1359,Ranchi,BR-14,16,RANCHI,RANCHI,JHARKHAND,B
1346,Palamu,BR-15,16,DALTONGANJ,PALAMAU,JHARKHAND,B
1345,Dhanbad,BR-17,16,DHANBAD,DHANBAD,JHARKHAND,B
1353,Bokaro,BR-20,16,BOKARO,BOKARO,JHARKHAND,B
1354,Deoghar,BR-40,16,DEOGHAR,DEOGHAR,JHARKHAND,B
378,Ranchi,JH-01,16,RANCHI,RANCHI,JHARKHAND,B
366,Hazaribagh,JH-02,16,HAZARIBAGH,HAZARIBAG,JHARKHAND,B
377,Ramgarh,JH-02,16,RAMGARH,RAMGARH,JHARKHAND,B
368,Daltonganj,JH-03,16,DALTONGANJ,PALAMAU,JHARKHAND,B
974,Dumka,JH-04,16,DUMKA,DUMKA,JHARKHAND,B
367,Jamshedpur,JH-05,16,JAMSHEDPUR,JAMSHEDPUR,JHARKHAND,B
362,Chaibasa,JH-06,16,CHAIBASA,CHAIBASA,JHARKHAND,B
370,Gumla,JH-07,16,GUMLA,GUMLA,JHARKHAND,B
371,Lohardaga,JH-08,16,LOHARDAGA,PALAMAU,JHARKHAND,B
361,Bokaro,JH-09,16,BOKARO,BOKARO,JHARKHAND,B
363,Dhanbad,JH-10,16,DHANBAD,DHANBAD,JHARKHAND,B
364,Giridih,JH-11,16,GIRIDH,GIRIDH,JHARKHAND,B
1189,Koderma,JH-12,16,KODERMA,KODERMA,JHARKHAND,B
373,Chatara,JH-13,16,CHATRA,CHATRA,JHARKHAND,B
365,Garhwa,JH-14,16,GARHWA,GARHWA,JHARKHAND,B
1202,Deoghar,JH-15,16,DEOGHAR,DEOGHAR,JHARKHAND,B
375,Pakur,JH-16,16,PAKUR,PAKUR,JHARKHAND,B
376,Godda,JH-17,16,GODDA,GODDA,JHARKHAND,B
976,Sahibganj,JH-18,16,SAHIBGANJ,SAHIBGANJ,JHARKHAND,B
1160,Latehar,JH-19,16,LATEHAR,LATEHAR,JHARKHAND,B
1162,Simdega,JH-20,16,SIMDEGA,SIMDEGA,JHARKHAND,B
1163,Jamtara,JH-21,16,JAMTARA,JAMTARA,JHARKHAND,B
966,Saraikela,JH-22,16,SARAIKELA,SERAIKELA KHARSAWAN,JHARKHAND,B
1525,Khunti,JH-23,16,KHUNTI,RANCHI,JHARKHAND,B
1560,Ramgarh,JH-24,16,RAMGARH,RAMGARH,JHARKHAND,B
381,Bangalore Central (Koramangala),KA-01,17,BANGALORE,BANGALORE,KARNATAKA,A
381,Bangalore Central (Koramangala),KA-01,17,BANGALORE,BANGALORE,KARNATAKA,B
1530,K R Puram Blore,KA-01,17,BANGALORE,BANGALORE,KARNATAKA,A
1530,K R Puram Blore,KA-01,17,BANGALORE,BANGALORE,KARNATAKA,B
385,Bangalore West (Rajajainagar),KA-02,17,BANGALORE,BANGALORE,KARNATAKA,A
385,Bangalore West (Rajajainagar),KA-02,17,BANGALORE,BANGALORE,KARNATAKA,B
382,Bangalore East (Indiranagar),KA-03,17,BANGALORE,BANGALORE,KARNATAKA,A
382,Bangalore East (Indiranagar),KA-03,17,BANGALORE,BANGALORE,KARNATAKA,B
383,Bangalore North (Yeshwanthpur),KA-04,17,BANGALORE,BANGALORE,KARNATAKA,A
383,Bangalore North (Yeshwanthpur),KA-04,17,BANGALORE,BANGALORE,KARNATAKA,B
384,Bangalore South (Jayanagar),KA-05,17,BANGALORE,BANGALORE,KARNATAKA,A
384,Bangalore South (Jayanagar),KA-05,17,BANGALORE,BANGALORE,KARNATAKA,B
429,Tumkur,KA-06,17,TUMKUR,TUMKUR,KARNATAKA,B
412,Kolar,KA-07,17,KOLAR,KOLAR,KARNATAKA,B
411,Kgf (Kolar Gold Fields),KA-08,17,CORMONDAL,CORMONDAL,KARNATAKA,B
417,Mysore,KA-09,17,MYSORE,MYSORE,KARNATAKA,B
392,Chamrajnagar,KA-10,17,CHAMARAJANAGAR,CHAMRAJNAGAR,KARNATAKA,B
415,Mandya,KA-11,17,MANDYA,MANDYA,KARNATAKA,B
414,Madikeri,KA-12,17,MADIKERI,KODAGU,KARNATAKA,B
403,Hassan,KA-13,17,HASSAN,HASSAN,KARNATAKA,B
426,Shimoga,KA-14,17,SHIMOGA,SHIMOGA,KARNATAKA,B
424,Sagar,KA-15,17,SAGAR,SHIMOGA,KARNATAKA,B
396,Chitradurga,KA-16,17,CHITRADURGA,CHITRADURGA,KARNATAKA,B
397,Davangere,KA-17,17,DAVANAGERE,DAVANGERE,KARNATAKA,B
393,Chickmagalur,KA-18,17,CHIKMAGALUR,CHIKMAGALUR,KARNATAKA,B
416,Mangalore,KA-19,17,MANGALORE,MANGALORE,KARNATAKA,B
430,Udupi,KA-20,17,UDUPI,UDUPI,KARNATAKA,B
420,Puttur,KA-21,17,PUTTUR,DAKSHINA KANNADA,KARNATAKA,B
387,Belgaum,KA-22,17,BELGAUM,BELGAUM,KARNATAKA,B
395,Chikkodi,KA-23,17,CHIKODI,BELGAUM,KARNATAKA,B
380,Bailhongal,KA-24,17,BAIL HONGAL,BELGAUM,KARNATAKA,B
399,Dharwad,KA-25,17,DHARWAD,DHARWAD,KARNATAKA,B
400,Gadag,KA-26,17,GADAG,GADAG,KARNATAKA,B
404,Haveri,KA-27,17,HAVERI,HAVERI,KARNATAKA,B
391,Bijapur,KA-28,17,BIJAPUR,BIJAPUR,KARNATAKA,B
379,Bagalkot,KA-29,17,BAGALKOT,BAGALKOT,KARNATAKA,B
410,Karwar,KA-30,17,KARWAR,KARWAR,KARNATAKA,B
427,Sirsi,KA-31,17,SIRSI,UTTARA KANNADA,KARNATAKA,B
402,Gulbarga,KA-32,17,GULBARGA,GULBARGA,KARNATAKA,B
431,Yadgir,KA-33,17,YADAGIRI,YADAGIRI,KARNATAKA,B
388,Bellary,KA-34,17,BELLARY,BELLARY,KARNATAKA,B
406,Hospet,KA-35,17,HOSPET,HOSPET,KARNATAKA,B
421,Raichur District,KA-36,17,RAICHUR,RAICHUR,KARNATAKA,B
413,Koppal,KA-37,17,KOPPAL,KOPPAL,KARNATAKA,B
390,Bidar,KA-38,17,BIDAR,BIDAR,KARNATAKA,B
389,Bhalki,KA-39,17,BIDAR,BIDAR,KARNATAKA,B
394,Chikkaballapur,KA-40,17,CHICKBALLAPUR,KOLAR,KARNATAKA,B
422,Kengeri,KA-41,17,KENGERI,BANGALORE,KARNATAKA,B
1400,Jnanabharati,KA-41,17,BANGALORE,BANGALORE,KARNATAKA,B
1468,Bangalore,KA-41,17,BANGALORE,BANGALORE,KARNATAKA,A
1468,Bangalore,KA-41,17,BANGALORE,BANGALORE,KARNATAKA,B
1583,Rajarajeshwari Nagar,KA-41,17,BANGALORE,BANGALORE,KARNATAKA,A
1583,Rajarajeshwari Nagar,KA-41,17,BANGALORE,BANGALORE,KARNATAKA,B
423,Ramanagar,KA-42,17,RAMANAGARA,RAMANAGARA,KARNATAKA,B
398,Devanahalli,KA-43,17,DEVENAHALLI,DEVENAHALLI,KARNATAKA,B
428,Tiptur,KA-44,17,TIPTUR,TIPTUR,KARNATAKA,B
407,Hunsur,KA-45,17,HUNSUR,HUNSUR,KARNATAKA,B
425,Sakaleshapur,KA-46,17,SAKLESHPUR,HASSAN,KARNATAKA,B
405,Honnavar,KA-47,17,HONNAVARA,HONNAVARA,KARNATAKA,B
408,Jamkhandi,KA-48,17,JAMKHANDI,BAGALKOT,KARNATAKA,B
401,Gokak,KA-49,17,GOKAK,BELGAUM,KARNATAKA,B
432,Yelahanka,KA-50,17,YELAHANKA,BANGALORE,KARNATAKA,A
432,Yelahanka,KA-50,17,YELAHANKA,BANGALORE,KARNATAKA,B
386,Electronic City,KA-51,17,ELECTRONIC CITY,ELECTRONIC CITY,KARNATAKA,A
386,Electronic City,KA-51,17,ELECTRONIC CITY,ELECTRONIC CITY,KARNATAKA,B
419,Nelamangala,KA-52,17,NELAMANGALA,NELAMANGALA,KARNATAKA,B
409,Kr Puram,KA-53,17,KRISHNARAJ PURAM,KRISHNARAJ PURAM,KARNATAKA,A
409,Kr Puram,KA-53,17,KRISHNARAJ PURAM,KRISHNARAJ PURAM,KARNATAKA,B
418,Nagamangala,KA-54,17,MANDYA,MANDYA,KARNATAKA,B
1020,Karnataka Mysore,KA-55,17,MYSORE,MYSORE,KARNATAKA,B
993,BASAVAKALYAN,KA-56,17,BASAVAKALYAN,BIDAR,KARNATAKA,B
1414,Shantinagar,KA-57,17,BANGALORE,BANGALORE,KARNATAKA,B
1415,Banashankari,KA-58,17,BANGALORE SOUTH,BANGALORE,KARNATAKA,B
1416,Chamrajpet,KA-59,17,BANGALORE,BANGALORE,KARNATAKA,B
1601,Chandrapur,KA-59,17,CHANDAPURA,BANGALORE,KARNATAKA,B
1417,R T Nagar,KA-60,17,BANGALORE,BANGALORE,KARNATAKA,B
1418,Marathahalli,KA-61,17,BANGALORE,BANGALORE,KARNATAKA,B
1310,Madhugiri,KA-62,17,MADHUGIRI,TUMKUR,KARNATAKA,B
1419,Hubli,KA-63,17,BANGALORE,BANGALORE,KARNATAKA,B
1311,Madhugiri,KA-64,17,MADHUGIRI,TUMKUR,KARNATAKA,B
1420,Dandeli,KA-65,17,DANDELI,UTTARA KANNADA,KARNATAKA,B
1421,Tarikere,KA-66,17,TARIKERE,CHIKMAGALUR,KARNATAKA,B
1502,Sedam,KA-67,17,SEDAM,GULBARGA,KARNATAKA,B
1585,Ranebennuru,KA-68,17,RANEBENNUR,HAVERI,KARNATAKA,B
1631,Ramadurga,KA-69,17,RAMDURG,BELGAUM,KARNATAKA,B
1595,Bantwal,KA-70,17,BANTVAL,DAKSHINA KANNADA,KARNATAKA,B
1219,Tirurangadi,KL- 65,18,TIRURANGADI,MALAPPURAM,KERALA,B
482,Thiruvananthapuram,KL-01,18,THIRUVANANTHAPURAM,THIRUVANANTHAPURAM,KERALA,B
454,Kollam,KL-02,18,KOLLAM,KOLLAM,KERALA,B
473,Pathanamthitta,KL-03,18,PATHANMITTA,PATHANAMTHITTA,KERALA,B
434,Alappuzha,KL-04,18,ALAPPUZHA,ALAPPUZHA,KERALA,B
457,Kottayam,KL-05,18,KOTTAYAM,KOTTAYAM,KERALA,B
443,Idukki,KL-06,18,IDUKKI,IDUKKI,KERALA,B
441,Ernakulam,KL-07,18,ERNAKULAM,ERNAKULAM,KERALA,B
486,Thrissur,KL-08,18,THRISSUR,THRISSUR,KERALA,B
471,Palakkad,KL-09,18,PALAKKAD,PALAKKAD,KERALA,B
460,Malappuram,KL-10,18,MALAPPURAM,MALAPPURAM,KERALA,B
459,Kozhikode,KL-11,18,KOZHIKODE,KOZHIKODE,KERALA,B
492,Wayanad,KL-12,18,WAYAND,WAYANAD,KERALA,B
447,Kannur,KL-13,18,KANNUR,KANNUR,KERALA,B
449,Kasaragod,KL-14,18,KASARAGOD,KASARAGOD,KERALA,B
483,Ksrtc,KL-15,18,THIRUVANANTHAPURAM,THIRUVANANTHAPURAM,KERALA,B
437,Attingal,KL-16,18,ATTINGAL,THIRUVANANTHAPURAM,KERALA,B
465,Muvattupuzha,KL-17,18,MUVATTUPUZHA,ERNAKULAM,KERALA,B
490,Vatakara,KL-18,18,VADAKARA,KOZHIKODE,KERALA,B
472,Parassala,KL-19,18,PARASSALA,THIRUVANANTHAPURAM,KERALA,B
467,Neyyattinkara,KL-20,18,NEYYATTINKARA,THIRUVANANTHAPURAM,KERALA,B
466,Nedumangad,KL-21,18,NEDUMANGAD,THIRUVANANTHAPURAM,KERALA,B
451,Kazhakoottam,KL-22,18,KAZHAKKOOTTAM-MENAMKULAM,THIRUVANANTHAPURAM,KERALA,B
448,Karunagappally,KL-23,18,KARUNAGAPPALLY,KOLLAM,KERALA,B
456,Kottarakara,KL-24,18,KOTTARAKKARA,KOLLAM,KERALA,B
478,Punalur,KL-25,18,PUNALUR,KOLLAM,KERALA,B
433,Adoor,KL-26,18,ADOOR,PATHANAMTHITTA,KERALA,B
481,Thiruvalla,KL-27,18,THIRUVALLA,PATHANAMTHITTA,KERALA,B
461,Mallappally,KL-28,18,MALLAPPALLY,PATHANAMTHITTA,KERALA,B
450,Kayamkulam,KL-29,18,KAYAMKULAM,ALAPPUZHA,KERALA,B
439,Chengannur,KL-30,18,CHENGANNUR,ALAPPUZHA,KERALA,B
464,Mavelikara,KL-31,18,MAVELIKKARA,ALAPPUZHA,KERALA,B
440,Cherthala,KL-32,18,CHERTHALA,ALAPPUZHA,KERALA,B
438,Changanassery,KL-33,18,CHANGANASSERY,KOTTAYAM,KERALA,B
446,Kanjirappally,KL-34,18,KANJIRAPPALLY,KOTTAYAM,KERALA,B
470,Palai,KL-35,18,PALAI,KOTTAYAM,KERALA,B
488,Vaikom,KL-36,18,VAIKOM,KOTTAYAM,KERALA,B
489,Vandiperiyar,KL-37,18,IDUKKI,IDUKKI,KERALA,B
484,Thodupuzha,KL-38,18,THODUPUZHA,IDUKKI,KERALA,B
485,Thripunithura,KL-39,18,THRIPPUNITHURA,ERNAKULAM,KERALA,B
476,Perumbavoor,KL-40,18,PERUMBAVOOR,ERNAKULAM,KERALA,B
436,Aluva,KL-41,18,ALUVA,ERNAKULAM,KERALA,B
468,North Paravur,KL-42,18,PARAVUR,ERNAKULAM,KERALA,B
463,Mattancherry,KL-43,18,ERNAKULAM,ERNAKULAM,KERALA,B
455,Kothamangalam,KL-44,18,KOTHAMANGALAM,ERNAKULAM,KERALA,B
444,Irinjalakuda,KL-45,18,IRINJALAKUDA,THRISSUR,KERALA,B
442,Guruvayur,KL-46,18,GURUVAYOOR,THRISSUR,KERALA,B
452,Kodungallur,KL-47,18,KOOLIMUTTAM,THRISSUR,KERALA,B
491,Wadakkancherry,KL-48,18,WADAKKANCHERY,THRISSUR,KERALA,B
435,Alathur,KL-49,18,ALATHUR,PALAKKAD,KERALA,B
462,Mannarghat,KL-50,18,MANNARKKAD,PALAKKAD,KERALA,B
469,Ottappalam,KL-51,18,OTTAPALAM,PALAKKAD,KERALA,B
474,Pattambi,KL-52,18,PATTAMBI,PALAKKAD,KERALA,B
475,Perinthalmanna,KL-53,18,PERINTHALMANNA,MALAPPURAM,KERALA,B
477,Ponnani,KL-54,18,PONNANI,MALAPPURAM,KERALA,B
487,Tirur,KL-55,18,TIRUR,MALAPPURAM,KERALA,B
458,Koyilandy,KL-56,18,KOYILANDI,KOZHIKODE,KERALA,B
453,Koduvally,KL-57,18,KOZHIKODE,KOZHIKODE,KERALA,B
480,Thalassery,KL-58,18,THALASSERY,KANNUR,KERALA,B
479,Taliparamba,KL-59,18,TALIAPARAMBA,KANNUR,KERALA,B
445,Kanhangad,KL-60,18,KANHANGAD,KASARAGOD,KERALA,B
1165,Kunnathur,KL-61,18,KOLLAM,KOLLAM,KERALA,B
1017,Ranni,KL-62,18,RANNI,PATHANAMTHITTA,KERALA,B
1166,Angamaly,KL-63,18,ANGAMALY,ERNAKULAM,KERALA,B
981,Chalakudy,KL-64,18,CHALAKUDY,THRISSUR,KERALA,B
1168,Chalakkudy,KL-64,18,CHALAKUDY,THRISSUR,KERALA,B
1225,Tirurangadi,KL-65,18,TIRURANGADI,MALAPPURAM,KERALA,B
1281,Kuttanadu,KL-66,18,KUTTANADU,ALAPPUZHA,KERALA,B
1282,Uzhavoor,KL-67,18,UZHAVOOR,KOTTAYAM,KERALA,B
1283,Devikulam,KL-68,18,DEVIKULAM,IDUKKI,KERALA,B
1284,Udumbanchola,KL-69,18,UDUMBANCHOLA,IDUKKI,KERALA,B
1285,Chittur,KL-70,18,CHITTUR,PALAKKAD,KERALA,B
1286,Nilambur,KL-71,18,NILAMBUR,MALAPPURAM,KERALA,B
1287,Mananthavady,KL-72,18,MANANTHAVADY,WAYANAD,KERALA,B
1288,Sulthan Bathery,KL-73,18,SULTHANBATHERY,WAYANAD,KERALA,B
1598,Kattakada,KL-74,18,THIRUVANANTHAPURAM,THIRUVANANTHAPURAM,KERALA,B
1626,Thriprayar,KL-75,18,CHAVAKKAD,THRISSUR,KERALA,B
1610,Nanmanda,KL-76,18,NANMANDA,KOZHIKODE,KERALA,B
1604,Perambra,KL-77,18,PERAMBRA,KOZHIKODE,KERALA,B
1603,Iritty,KL-78,18,KANNUR,KANNUR,KERALA,B
1605,Vellarikundu,KL-79,18,KASARAGOD,KASARAGOD,KERALA,B
493,Kavaratti,LD-01,19,KAVARATTI,LAKSHADWEEP,LAKSHADWEEP U.T.,B
1318,Agatti,LD-02,19,AGATTI,LAKSHADWEEP,LAKSHADWEEP U.T.,B
1319,Amini,LD-03,19,AMINI,LAKSHADWEEP,LAKSHADWEEP U.T.,B
1320,Androth,LD-04,19,ANDROTT,LAKSHADWEEP,LAKSHADWEEP U.T.,B
1321,Kadmat,LD-05,19,KADMAT,LAKSHADWEEP,LAKSHADWEEP U.T.,B
1322,Kiltan,LD-06,19,KILTAN,LAKSHADWEEP,LAKSHADWEEP U.T.,B
1323,Chetlat,LD-07,19,CHETLAT,LAKSHADWEEP,LAKSHADWEEP U.T.,B
1324,Kalpeni,LD-08,19,KALPENI,LAKSHADWEEP,LAKSHADWEEP U.T.,B
1325,Minicoy,LD-09,19,MINICOY,LAKSHADWEEP,LAKSHADWEEP U.T.,B
996,Honorable Governors Vehicle,MP-01,20,BHOPAL,BHOPAL,MADHYA PRADESH,B
997,Mp Government Vehicle,MP-02,20,BHOPAL,BHOPAL,MADHYA PRADESH,B
998,Mp Police Vehicle,MP-03,20,BHOPAL,BHOPAL,MADHYA PRADESH,B
501,Bhopal,MP-04,20,BHOPAL,BHOPAL,MADHYA PRADESH,B
517,Hoshangabad,MP-05,20,HOSHANGABAD,HOSHANGABAD,MADHYA PRADESH,B
527,Muraina,MP-06,20,MORENA,MORENA,MADHYA PRADESH,B
515,Gwalior,MP-07,20,GWALIOR,GWALIOR,MADHYA PRADESH,B
514,Guna,MP-08,20,GUNA,GUNA,MADHYA PRADESH,B
518,Indore,MP-09,20,INDORE,INDORE,MADHYA PRADESH,B
524,Khargone,MP-10,20,KHARGONE,KHARGONE,MADHYA PRADESH,B
511,Dhar,MP-11,20,DHAR,DHAR,MADHYA PRADESH,B
523,Khandwa,MP-12,20,KHANDWA,KHANDWA,MADHYA PRADESH,B
547,Ujjain,MP-13,20,UJJAIN,UJJAIN,MADHYA PRADESH,B
526,Mandsaur,MP-14,20,MANDSAUR,MANDSAUR,MADHYA PRADESH,B
537,Sagar,MP-15,20,SAGAR,SAGAR,MADHYA PRADESH,B
505,Chhatarpur,MP-16,20,CHHATARPUR,CHHATARPUR,MADHYA PRADESH,B
536,Rewa,MP-17,20,REWA,REWA,MADHYA PRADESH,B
541,Shahdol,MP-18,20,SHAHDOL,SHAHDOL,MADHYA PRADESH,B
538,Satna,MP-19,20,SATNA,SATNA,MADHYA PRADESH,B
519,Jabalpur,MP-20,20,JABALPUR,JABALPUR,MADHYA PRADESH,B
522,Katni,MP-21,20,KATNI,KATNI,MADHYA PRADESH,B
540,Seoni,MP-22,20,SEONI,SEONI,MADHYA PRADESH,B
506,Chhindwara,MP-23,20,CHHINDWARA,CHHINDWARA,MADHYA PRADESH,B
532,Raipur,MP-23,20,UMARIA,UMARIA,MADHYA PRADESH,B
500,Bhind,MP-24,20,BHIND,BHIND,MADHYA PRADESH,B
543,Sheopur,MP-25,20,SHEOPUR,SHEOPUR,MADHYA PRADESH,B
502,Bilaspur,MP-26,20,BILASPUR,UMARIA,MADHYA PRADESH,B
509,Datia,MP-26,20,DATIA,DATIA,MADHYA PRADESH,B
544,Shivpuri,MP-27,20,SHIVPURI,SHIVPURI,MADHYA PRADESH,B
1360,Surguja,MP-27,20,SINGRAULI,SINGRAULI,MADHYA PRADESH,B
507,Chhindwara,MP-28,20,CHHAWADA,CHHINDWARA,MADHYA PRADESH,B
508,Damoh,MP-28,20,DAMOH,DAMOH,MADHYA PRADESH,B
530,Panna,MP-29,20,PANNA,PANNA,MADHYA PRADESH,B
546,Bhind,MP-30,20,BHIND,BHIND,MADHYA PRADESH,B
1183,Sheopur,MP-31,20,SHEOPUR,SHEOPUR,MADHYA PRADESH,B
533,Raisen,MP-32,20,RAISEN,RAISEN,MADHYA PRADESH,B
1184,Datia,MP-32,20,DATIA,DATIA,MADHYA PRADESH,B
534,Shivpuri,MP-33,20,SHIVPURI,SHIVPURI,MADHYA PRADESH,B
549,Damoh,MP-34,20,DAMOH,DAMOH,MADHYA PRADESH,B
510,Panna,MP-35,20,PANNA,PANNA,MADHYA PRADESH,B
542,Tikamgarh,MP-36,20,TIKAMGARH,TIKAMGARH,MADHYA PRADESH,B
539,Sehore,MP-37,20,SEHORE,SEHORE,MADHYA PRADESH,B
529,Raisen,MP-38,20,RAISEN,RAISEN,MADHYA PRADESH,B
521,Rajgarh,MP-39,20,RAJGARH,RAJGARH,MADHYA PRADESH,B
497,Vidisha,MP-40,20,VIDISHA,VIDISHA,MADHYA PRADESH,B
516,Dewas,MP-41,20,DEWAS,DEWAS,MADHYA PRADESH,B
499,Shajapur,MP-42,20,SHAJAPUR,SHAJAPUR,MADHYA PRADESH,B
535,Ratlam,MP-43,20,RATLAM,RATLAM,MADHYA PRADESH,B
498,Neemuch,MP-44,20,NEEMUCH,NEEMUCH,MADHYA PRADESH,B
525,Jhabua,MP-45,20,JHABUA,JHABUA,MADHYA PRADESH,B
512,Barwani,MP-46,20,BARWANI,BARWANI,MADHYA PRADESH,B
1190,Harda,MP-47,20,HARDA,HARDA,MADHYA PRADESH,B
503,Burhanpur,MP-48,20,BURHANPUR,NIMAR - EAST,MADHYA PRADESH,B
548,Umria,MP-48,20,UMARIYA,NARSINGHPUR,MADHYA PRADESH,B
1075,Betul,MP-48,20,BETUL,BETUL,MADHYA PRADESH,B
496,Narsinghpur,MP-49,20,NARSINGHPUR,NARSINGHPUR,MADHYA PRADESH,B
999,Balaghat,MP-50,20,BALAGHAT,BALAGHAT,MADHYA PRADESH,B
1000,Mandla,MP-51,20,MANDLA,MANDLA,MADHYA PRADESH,B
1001,Dindori,MP-52,20,DINDORI,DINDORI,MADHYA PRADESH,B
1002,Sidhi,MP-53,20,SIDHI,SIDHI,MADHYA PRADESH,B
1185,Umaria,MP-54,20,UMARIA,UMARIA,MADHYA PRADESH,B
1426,Bagli,MP-55,20,BAGLI,DEWAS,MADHYA PRADESH,B
1186,Anuppur,MP-65,20,ANUPPUR,ANUPPUR,MADHYA PRADESH,B
1070,Singrauli,MP-66,20,SINGRAULI,REWA,MADHYA PRADESH,B
1187,Ashoknagar,MP-67,20,ASHOKNAGAR,GUNA,MADHYA PRADESH,B
1226,Burhanpur,MP-68,20,BURHANPUR,NIMAR - EAST,MADHYA PRADESH,B
531,Panna,MP-69,20,PANNA,PANNA,MADHYA PRADESH,B
1227,Alirajpur,MP-69,20,ALIRAJPUR,JHABUA,MADHYA PRADESH,B
1575,Agarmalwa,MP-70,20,AGAR MALWA,SHAJAPUR,MADHYA PRADESH,B
571,Mumbai Central-Tardeo,MH-01,21,MUMBAI,MUMBAI,MAHARASHTRA,A
573,Mumbai Western Suburbs-Andheri West,MH-02,21,MUMBAI,MUMBAI,MAHARASHTRA,A
572,Mumbai Eastern Suburbs-Wadala-Worli,MH-03,21,MUMBAI,MUMBAI,MAHARASHTRA,A
591,Thane,MH-04,21,THANE,THANE,MAHARASHTRA,B
561,Dombivli,MH-05,21,GREATER MUMBAI,MUMBAI (SUBURBAN),MAHARASHTRA,B
567,Kalyan,MH-05,21,KALYAN-DOMBIVLI,THANE,MAHARASHTRA,B
592,Ulhasnagar,MH-05,21,ULHASNAGAR,THANE,MAHARASHTRA,B
582,Pen,MH-06,21,PEN,RAIGARH,MAHARASHTRA,B
588,Sindhudurg,MH-07,21,KUDAL,SINDHUDURG,MAHARASHTRA,B
585,Ratnagiri,MH-08,21,RATNAGIRI,RATNAGIRI,MAHARASHTRA,B
568,Kolhapur,MH-09,21,KOLHAPUR,KOLHAPUR,MAHARASHTRA,B
586,Sangli,MH-10,21,MADHAVNAGAR,SANGLI,MAHARASHTRA,B
587,Satara,MH-11,21,SATARA,SATARA,MAHARASHTRA,B
584,Pune,MH-12,21,PUNE,PUNE,MAHARASHTRA,A
589,Solapur,MH-13,21,SOLAPUR,SOLAPUR,MAHARASHTRA,B
583,Pimpri-Chinchwad,MH-14,21,PIMPARI,PUNE,MAHARASHTRA,B
577,Nashik,MH-15,21,NASHIK,NASHIK,MAHARASHTRA,B
550,Ahmednagar,MH-16,21,AHMADNAGAR,AHMEDNAGAR,MAHARASHTRA,B
590,Shrirampur,MH-17,21,SHRIRAMPUR,SHRIRAMPUR,MAHARASHTRA,B
560,Dhule,MH-18,21,DHULE,DHULE,MAHARASHTRA,B
565,Jalgaon,MH-19,21,JALGAON,JALGAON,MAHARASHTRA,B
554,Aurangabad,MH-20,21,AURANGABAD,AURANGABAD,MAHARASHTRA,B
566,Jalna,MH-21,21,JALNA,JALNA,MAHARASHTRA,B
580,Parbhani,MH-22,21,PARBHANI,PARBHANI,MAHARASHTRA,B
556,Beed,MH-23,21,BEED-SANGVI,BEED,MAHARASHTRA,B
569,Latur,MH-24,21,LATUR,LATUR,MAHARASHTRA,B
579,Osmanabad,MH-25,21,OSMANABAD,OSMANABAD,MAHARASHTRA,B
575,Nanded,MH-26,21,NANDED-WAGHALA,NANDED,MAHARASHTRA,B
553,Amravati,MH-27,21,AMRAVATI,AMRAVATI,MAHARASHTRA,B
558,Buldana,MH-28,21,BULDANA,BULDHANA,MAHARASHTRA,B
596,Yavatmal,MH-29,21,YAVATMAL,YAVATMAL,MAHARASHTRA,B
552,Akola,MH-30,21,AKOLA,AKOLA,MAHARASHTRA,B
574,Nagpur,MH-31,21,NAGPUR,NAGPUR,MAHARASHTRA,B
594,Wardha,MH-32,21,WARDHA,WARDHA,MAHARASHTRA,B
562,Gadchiroli,MH-33,21,GADCHIROLI,GADCHIROLI,MAHARASHTRA,B
559,Chandrapur,MH-34,21,CHANDRAPUR,CHANDRAPUR,MAHARASHTRA,B
563,Gondia,MH-35,21,GONDIYA,GONDIA,MAHARASHTRA,B
557,Bhandara,MH-36,21,BHANDARA,BHANDARA,MAHARASHTRA,B
595,Washim,MH-37,21,WASHIM,WASHIM,MAHARASHTRA,B
564,Hingoli,MH-38,21,HINGOLI,HINGOLI,MAHARASHTRA,B
576,Nandurbar,MH-39,21,NANDURBAR,NANDURBAR,MAHARASHTRA,B
593,Wadi,MH-40,21,WADI,NAGPUR,MAHARASHTRA,B
570,Malegaon,MH-41,21,MALEGAON,NASHIK,MAHARASHTRA,B
555,Baramati,MH-42,21,BARAMATI,PUNE,MAHARASHTRA,B
578,Navi Mumbai,MH-43,21,GREATER MUMBAI,MUMBAI (SUBURBAN),MAHARASHTRA,B
581,Ambajogai,MH-44,21,AMBAJOGAI,BEED,MAHARASHTRA,B
1623,Ambejogai,MH-44,21,AMBEJOGAI,BEED,MAHARASHTRA,B
551,Akluj,MH-45,21,AKLUJ,SOLAPUR,MAHARASHTRA,B
1040,Panvel,MH-46,21,PANVEL,RAIGARH,MAHARASHTRA,B
1422,Mumbai North,MH-47,21,MUMBAI,MUMBAI,MAHARASHTRA,A
1024,Vasai,MH-48,21,VASAI,THANE,MAHARASHTRA,B
1273,Nagpur East,MH-49,21,NAGPUR,NAGPUR,MAHARASHTRA,B
1159,Karad,MH-50,21,KARAD,SATARA,MAHARASHTRA,B
1423,Sangamner,MH-51,21,SANGAMNER,AHMEDNAGAR,MAHARASHTRA,B
598,Imphal,MN-01,22,IMPHAL WEST,IMPHAL WEST,MANIPUR,B
597,Churachandpur,MN-02,22,CHURACHANDPUR,CHURACHANDPUR,MANIPUR,B
599,Kangpokpi,MN-03,22,KANGPOKPI,SENAPATI,MANIPUR,B
600,Thoubal,MN-04,22,THOUBAL,THOUBAL,MANIPUR,B
1424,Bishnupur,MN-05,22,BISHNUPUR,BISHNUPUR,MANIPUR,B
1355,East Imphal,MN-06,22,IMPHAL EAST,IMPHAL EAST,MANIPUR,B
1425,Ukhrul,MN-07,22,UKHRUL,UKHRUL,MANIPUR,B
1326,Imphal West,MN-09,22,IMPHAL WEST,IMPHAL WEST,MANIPUR,B
611,Aizawl,MZ-01,23,AIZAWL,AIZAWL,MIZORAM,B
613,Lunglei,MZ-02,23,LUNGSEN,LUNGLEI,MIZORAM,B
612,Saiha,MZ-03,23,SAIHA,SAIHA,MIZORAM,B
1143,Champhai,MZ-04,23,CHAMPHAI,CHAMPHAI,MIZORAM,B
1145,Kolasib,MZ-05,23,KOLASIB,KOLASIB,MIZORAM,B
1146,Serchhip,MZ-06,23,SERCHHIP,SERCHHIP,MIZORAM,B
1149,Lawngtlai,MZ-07,23,LAWNGTLAI,LAWNGTLAI,MIZORAM,B
1150,Mamit,MZ-08,23,MAMIT,MAMMIT,MIZORAM,B
1597,Aizawl Rural,MZ-09,23,AIZAWL,AIZAWL,MIZORAM,B
614,Kohima,NL-01,24,KOHIMA,KOHIMA,NAGALAND,B
615,Mokokchung,NL-02,24,MOKOKCHUNG,MOKOKCHUNG,NAGALAND,B
617,Tuensang,NL-03,24,TUENSANG,TUENSANG,NAGALAND,B
616,Mon,NL-04,24,MON,MON,NAGALAND,B
618,Wokha,NL-05,24,WOKHA,WOKHA,NAGALAND,B
619,Zunheboto,NL-06,24,ZUNHEBOTO,ZUNHEBOTTO,NAGALAND,B
1139,Dimapur,NL-07,24,DIMAPUR,DIMAPUR,NAGALAND,B
1140,Phek,NL-08,24,PHEK,PHEK,NAGALAND,B
1241,Balasore,OD-01,25,BALASORE,BALESHWAR,ODISHA,B
1243,Bhubaneswar,OD-02,25,BHUBANESWAR,KHORDHA,ODISHA,B
1244,Bolangir,OD-03,25,BALANGIR,BALANGIR,ODISHA,B
1245,Chandikhole,OD-04,25,CHANDIKHOLE,JAJPUR,ODISHA,B
1246,Cuttack,OD-05,25,CUTTACK,CUTTACK,ODISHA,B
1247,Dhenkanal,OD-06,25,DHENKANAL,DHENKANAL,ODISHA,B
1249,Ganjam,OD-07,25,GANJAM,GANJAM,ODISHA,B
1252,Kalahandi,OD-08,25,KALAHANDI,KALAHANDI,ODISHA,B
1253,Keonjhar,OD-09,25,KEONJHAR,KENDUJHAR,ODISHA,B
1254,Koraput,OD-10,25,KORAPUT,KORAPUT,ODISHA,B
1255,Mayurbhanj,OD-11,25,MAYURBHANJ,MAYURBHANJ,ODISHA,B
1259,Phulbani,OD-12,25,PHULBANI,KANDHAMAL,ODISHA,B
1260,Puri,OD-13,25,PURI,KHORDHA,ODISHA,B
1262,Rourkela,OD-14,25,ROURKELA,SUNDARGARH,ODISHA,B
1263,Sambalpur,OD-15,25,SAMBALPUR,SAMBALPUR,ODISHA,B
1264,Sundergarh,OD-16,25,RAURKELA,SUNDARGARH,ODISHA,B
1242,Baragarh,OD-17,25,BARGARH,BARGARH,ODISHA,B
1261,Rayagada,OD-18,25,RAYAGADA,RAYAGADA,ODISHA,B
1240,Angul,OD-19,25,ANGUL,ANGUL,ODISHA,B
1248,Gajapati,OD-20,25,GAJAPATINAGAR,GAJAPATI,ODISHA,B
1250,Jagatsinghpur,OD-21,25,JAGATSINGHAPUR,JAGATSINGHPUR,ODISHA,B
1251,Bhadrak,OD-22,25,JAGATSINGHAPUR,JAGATSINGHPUR,ODISHA,B
1256,Jharsuguda,OD-23,25,JHARUPADA,JHARSUGUDA,ODISHA,B
1257,Nabarangpur,OD-24,25,NABARANGAPUR,NABARANGAPUR,ODISHA,B
1258,Nayagarh,OD-25,25,NAYAGARH,JAJPUR,ODISHA,B
1266,Nuapada,OD-26,25,NUAPADA,CUTTACK,ODISHA,B
1267,Boudh,OD-27,25,BOUDH,BOUDH,ODISHA,B
1268,Debagarh,OD-28,25,DEBAGARH,DEBAGARH,ODISHA,B
1270,Kendrapara,OD-29,25,KENDRAPARA,KENDRAPARA,ODISHA,B
1269,Malkangiri,OD-30,25,MALKANGIRI,MALKANGIRI,ODISHA,B
1265,Sonepur,OD-31,25,SONEPUR,SONAPUR,ODISHA,B
1427,Bhanjanagar,OD-32,25,BHANJANAGAR,GANJAM,ODISHA,B
1428,Bhubaneswar-II,OD-33,25,BHUBANESWAR,KHORDHA,ODISHA,B
1429,Jajpur,OD-34,25,JAJPUR,JAJPUR,ODISHA,B
1481,Talcher,OD-35,25,TALCHER,ANGUL,ODISHA,B
621,Balasore,OR-01,25,BALASORE,BALESHWAR,ODISHA,B
623,Bhubaneswar,OR-02,25,KHORDHA,KHORDHA,ODISHA,B
624,Bolangir,OR-03,25,BALANGIR,BALANGIR,ODISHA,B
625,Chandikhole,OR-04,25,CHANDIKHOLE,JAJPUR,ODISHA,B
626,Cuttack,OR-05,25,CUTTACK,CUTTACK,ODISHA,B
627,Dhenkanal,OR-06,25,DHENKANAL,DHENKANAL,ODISHA,B
629,Ganjam,OR-07,25,GANJAM,GANJAM,ODISHA,B
632,Kalahandi,OR-08,25,KALAHANDI,KALAHANDI,ODISHA,B
633,Keonjhar,OR-09,25,KEONJHAR,KENDUJHAR,ODISHA,B
634,Koraput,OR-10,25,KORAPUT,KORAPUT,ODISHA,B
635,Mayurbhanj,OR-11,25,MAYURBHANJ,MAYURBHANJ,ODISHA,B
639,Phulbani,OR-12,25,PHULBANI,KANDHAMAL,ODISHA,B
640,Puri,OR-13,25,PURI,KHORDHA,ODISHA,B
642,Rourkela,OR-14,25,ROURKELA,SUNDARGARH,ODISHA,B
643,Sambalpur,OR-15,25,SAMBALPUR,SAMBALPUR,ODISHA,B
644,Sundergarh,OR-16,25,ROURKELA,SUNDARGARH,ODISHA,B
622,Baragarh,OR-17,25,BARGARH,BARGARH,ODISHA,B
641,Rayagada,OR-18,25,RAYAGADA,RAYAGADA,ODISHA,B
620,Angul,OR-19,25,ANGUL,ANGUL,ODISHA,B
628,Gajapati,OR-20,25,GAJAPATINAGAR,GAJAPATI,ODISHA,B
630,Jagatsinghpur,OR-21,25,JAGATSINGHAPUR,JAGATSINGHPUR,ODISHA,B
631,Bhadrak,OR-22,25,BHADRAK,BHADRAK,ODISHA,B
636,Jharsuguda,OR-23,25,JHARSUGUDA,JHARSUGUDA,ODISHA,B
637,Nabarangpur,OR-24,25,NABARANGAPUR,NABARANGAPUR,ODISHA,B
638,Nayagarh,OR-25,25,NAYAGARH,JAJPUR,ODISHA,B
1154,Nuapada,OR-26,25,NUAPADA,CUTTACK,ODISHA,B
1155,Boudh,OR-27,25,BOUDH,BOUDH,ODISHA,B
1156,Debagarh,OR-28,25,DEBAGARH,DEBAGARH,ODISHA,B
1222,Kendrapara,OR-29,25,KENDRAPARA,KENDRAPARA,ODISHA,B
1158,Malkangiri,OR-30,25,MALKANGIRI,MALKANGIRI,ODISHA,B
1003,Sonepur,OR-31,25,SONAPUR,SONAPUR,ODISHA,B
647,Pondicherry,PY-01,26,PONDICHERRY,PONDICHERRY,PUDUCHERRY U T,B
645,Karaikal,PY-02,26,KARAIKAL,KARAIKAL,PUDUCHERRY U T,B
646,Mahe,PY-03,26,MAHE,MAHE,PUDUCHERRY U T,B
648,Yanam,PY-04,26,YANAM,YANAM,PUDUCHERRY U T,B
1514,Oulgaret,PY-05,26,OZHUKARAI,PONDICHERRY,PUDUCHERRY U T,B
652,Amritsar,PB-02,27,AMRITSAR,AMRITSAR,PUNJAB,B
660,Bathinda,PB-03,27,BATHINDA,BATHINDA,PUNJAB,B
669,Faridkot,PB-04,27,FARIDKOT,FARIDKOT,PUNJAB,B
672,Ferozepur,PB-05,27,FEROZEPUR,FEROZEPUR,PUNJAB,B
675,Gurdaspur,PB-06,27,GURDASPUR,GURDASPUR,PUNJAB,B
676,Hoshiarpur,PB-07,27,HOSHIARPUR,HOSHIARPUR,PUNJAB,B
680,Jalandhar,PB-08,27,JALANDHAR,JALANDHAR,PUNJAB,B
682,Kapurthala,PB-09,27,KAPURTHALA,JALANDHAR,PUNJAB,B
687,Ludhiana,PB-10,27,LUDHIANA,LUDHIANA,PUNJAB,B
701,Patiala,PB-11,27,PATIALA,PATIALA,PUNJAB,B
709,Ropar,PB-12,27,ROPAR,RUPNAGAR,PUNJAB,B
712,Sangrur,PB-13,27,SANGRUR,SANGRUR,PUNJAB,B
650,Ajnala,PB-14,27,AJNALA,AMRITSAR,PUNJAB,B
649,Abohar,PB-15,27,ABOHAR,FIROZPUR,PUNJAB,B
653,Anandpursahib,PB-16,27,ANANDPUR SAHIB,RUPNAGAR,PUNJAB,B
654,Baba Bakala,PB-17,27,BABA BAKALA,AMRITSAR,PUNJAB,B
659,Batala,PB-18,27,BATALA,GURDASPUR,PUNJAB,B
657,Barnala,PB-19,27,BARNALA,BARNALA,PUNJAB,B
656,Balachaur,PB-20,27,BALACHAUR,NAWANSHAHR,PUNJAB,B
664,Dasuya,PB-21,27,DASUA,HOSHIARPUR,PUNJAB,B
671,Fazilka,PB-22,27,FAZILKA,FIROZPUR,PUNJAB,B
670,Fatehgarh Sahib,PB-23,27,FATEHGARH SAHIB,FATEHGARH SAHIB,PUNJAB,B
673,Garh Shanker,PB-24,27,GARHSHANKAR,HOSHIARPUR,PUNJAB,B
677,Jagraon,PB-25,27,JAGRAON,LUDHIANA,PUNJAB,B
685,Khanna,PB-26,27,KHANNA,LUDHIANA,PUNJAB,B
686,Kharar,PB-27,27,KHARAR,RUPNAGAR,PUNJAB,B
688,Malerkotla,PB-28,27,MALERKOTLA,SANGRUR,PUNJAB,B
691,Moga,PB-29,27,MOGA,MOGA,PUNJAB,B
695,Muktsar,PB-30,27,MUKTSAR,MUKTSAR,PUNJAB,B
690,Mansa,PB-31,27,MANSA,MANSA,PUNJAB,B
698,Nawanshahr,PB-32,27,NAWANSHAHR,NAWANSHAHR,PUNJAB,B
697,Nakodar,PB-33,27,NAKODAR,JALANDHAR,PUNJAB,B
696,Nabha,PB-34,27,NABHA,PATIALA,PUNJAB,B
700,Pathankot,PB-35,27,PATHANKOT,GURDASPUR,PUNJAB,B
704,Phagwara,PB-36,27,PHAGWARA SHARKI,KAPURTHALA,PUNJAB,B
705,Phillaur,PB-37,27,PHILLAUR QILLA,JALANDHAR,PUNJAB,B
702,Patti,PB-38,27,PATTI,TARN TARAN,PUNJAB,B
707,Rajpura,PB-39,27,RAJPURA,PATIALA,PUNJAB,B
708,Rampura Phul,PB-40,27,RAMPURA PHUL,BATHINDA,PUNJAB,B
715,Sultanpur Lodhi,PB-41,27,SULTANPUR,KAPURTHALA,PUNJAB,B
710,Samana,PB-42,27,SAMANA,PATIALA,PUNJAB,B
711,Samrala,PB-43,27,SAMRALA,LUDHIANA,PUNJAB,B
716,Sunam,PB-44,27,SUNAM,SANGRUR,PUNJAB,B
717,Talwandi Sabo,PB-45,27,TALWANDI SABO,BATHINDA,PUNJAB,B
718,Tarn Taran,PB-46,27,TARN TARAN,TARN TARAN,PUNJAB,B
719,Zira,PB-47,27,ZIRA,FIROZPUR,PUNJAB,B
651,Amloh,PB-48,27,AMLOH,FATEHGARH SAHIB,PUNJAB,B
684,Khamono,PB-49,27,KHALASPUR,FATEHGARH SAHIB,PUNJAB,B
662,Budhlada,PB-50,27,BUDHLADA,MANSA,PUNJAB,B
681,Jhunir,PB-51,27,JHUNER,MANSA,PUNJAB,B
713,Sardulgarh,PB-51,27,SARDULGARH,MANSA,PUNJAB,B
658,Bassi Pathana,PB-52,27,BASSI PATHANA,FATEHGARH SAHIB,PUNJAB,B
689,Malout,PB-53,27,MALOUT,MUKTSAR,PUNJAB,B
694,Mukerian,PB-54,27,MUKERIAN,HOSHIARPUR,PUNJAB,B
703,Payal,PB-55,27,PAYAL,LUDHIANA,PUNJAB,B
706,Raikot,PB-56,27,RAIKOT,LUDHIANA,PUNJAB,B
661,Bhulath,PB-57,27,BHULATH,KAPURTHALA,PUNJAB,B
665,Dera Baba Nanak,PB-58,27,DERA BABA NANAK,GURDASPUR,PUNJAB,B
668,Dhuri,PB-59,27,DHURI,SANGRUR,PUNJAB,B
674,Gidderbaha,PB-60,27,GIDDARBAHA,MUKTSAR,PUNJAB,B
679,Jalalabad,PB-61,27,JALALABAD,MOGA,PUNJAB,B
678,Jaitu,PB-62,27,JAITU,FARIDKOT,PUNJAB,B
683,Khadoor Sahib,PB-63,27,KHADOOR SAHIB,AMRITSAR,PUNJAB,B
693,Moonak,PB-64,27,MOONAK,SANGRUR,PUNJAB,B
692,Mohali,PB-65,27,MOHALI,MOHALI,PUNJAB,B
699,Nihal Singh Wala,PB-66,27,NIHAL SINGHWALA,MOGA,PUNJAB,B
714,Shahkot,PB-67,27,SHAHKOT,JALANDHAR,PUNJAB,B
667,Dhar Kalan,PB-68,27,DHAR KALAN,GURDASPUR,PUNJAB,B
655,Bagha Purana,PB-69,27,BHAGHA PURANA,MOGA,PUNJAB,B
666,Dera Bassi,PB-70,27,DERA BASSI,MOHALI,PUNJAB,B
1129,Chamkaur Sahib,PB-71,27,CHAMKAUR SAHIB,RUPNAGAR,PUNJAB,B
1132,Patran,PB-72,27,PATRAN,PATIALA,PUNJAB,B
1134,Tappa Mandi,PB-73,27,TAPPA,SANGRUR,PUNJAB,B
1136,Nangal,PB-74,27,NANGAL,GURDASPUR,PUNJAB,B
1137,Lehra,PB-75,27,LEHRA,LUDHIANA,PUNJAB,B
1327,Ahmedgarh,PB-76,27,AHMEDGARH,SANGRUR,PUNJAB,B
1633,Bhikhiwind,PB-88,27,TARN TARAN,TARN TARAN,PUNJAB,B
1634,Amritsar (2),PB-89,27,AMRITSAR,AMRITSAR,PUNJAB,B
1612,Jalandhar,PB-90,27,JALANDHAR,JALANDHAR,PUNJAB,B
1609,Ludhiana East,PB-91,27,LUDHIANA,LUDHIANA,PUNJAB,B
720,Ajmer,RJ-01,28,AJMER,AJMER,RAJASTHAN,B
721,Alwar,RJ-02,28,ALWAR,ALWAR,RAJASTHAN,B
722,Banswara,RJ-03,28,BANSWARA,BANSWARA,RAJASTHAN,B
724,Barmer,RJ-04,28,BARMER,BARMER,RAJASTHAN,B
725,Bharatpur,RJ-05,28,BHARATPUR,BHARATPUR,RAJASTHAN,B
726,Bhilwara,RJ-06,28,BHILWARA,BHILWARA,RAJASTHAN,B
727,Bikaner,RJ-07,28,BIKANER,BIKANER,RAJASTHAN,B
728,Bundi,RJ-08,28,BUNDI,BUNDI,RAJASTHAN,B
729,Chittaurgarh,RJ-09,28,CHITTAURGARH,CHITTORGARH,RAJASTHAN,B
730,Churu,RJ-10,28,CHURU,CHURU,RAJASTHAN,B
732,Dholpur,RJ-11,28,DHOLPUR,DHOLPUR,RAJASTHAN,B
733,Dungarpur,RJ-12,28,DUNGARPUR,DUNGARPUR,RAJASTHAN,B
748,Sri Ganganagar,RJ-13,28,SRIGAGANAGAR,GANGANAGAR,RAJASTHAN,B
734,Jaipur,RJ-14,28,JAIPUR,JAIPUR,RAJASTHAN,B
735,Jaisalmer,RJ-15,28,JAISALMER,JAISALMER,RAJASTHAN,B
736,Jalore,RJ-16,28,JALOR,JALOR,RAJASTHAN,B
737,Jhalawar,RJ-17,28,JHALAWAR,JHALAWAR,RAJASTHAN,B
738,Jhunjhunu,RJ-18,28,JHUNJHUNUN,JHUNJHUNUN,RAJASTHAN,B
739,Jodhpur,RJ-19,28,JODHPUR,JODHPUR,RAJASTHAN,B
740,Kota,RJ-20,28,KOTA,KOTA,RAJASTHAN,B
742,Nagour,RJ-21,28,NAGAUR,NAGAUR,RAJASTHAN,B
743,Pali,RJ-22,28,PALI,PALI,RAJASTHAN,B
746,Sikar,RJ-23,28,SIKAR,SIKAR,RAJASTHAN,B
747,Sirohi,RJ-24,28,SIROHI,SIROHI,RAJASTHAN,B
745,Sawaimadhopur,RJ-25,28,SAWAI MADHOPUR,SAWAI MADHOPUR,RAJASTHAN,B
749,Tonk,RJ-26,28,TONK,TONK,RAJASTHAN,B
750,Udaipur,RJ-27,28,UDAIPUR,UDAIPUR,RAJASTHAN,B
723,Baran,RJ-28,28,BARAN,BHILWARA,RAJASTHAN,B
731,Dausa,RJ-29,28,DAUSA KHURD,DAUSA,RAJASTHAN,B
744,Rajsamand,RJ-30,28,RAJSAMAND,RAJSAMAND,RAJASTHAN,B
957,Hanumangarh,RJ-31,28,HANUMANGARH,HANUMANGARH,RAJASTHAN,B
741,Kotputli,RJ-32,28,KOTPUTLI,JAIPUR,RAJASTHAN,B
1116,Ramganj Mandi,RJ-33,28,RAMGANJ MANDI,KOTA,RAJASTHAN,B
1117,Karauli,RJ-34,28,KARAULI,KARAULI,RAJASTHAN,B
1023,Pratapgarh,RJ-35,28,PRATAPGARH,CHITTORGARH,RAJASTHAN,B
969,Beawar,RJ-36,28,BEAWAR,AJMER,RAJASTHAN,B
1118,Didwana,RJ-37,28,DIDWANA,NAGAUR,RAJASTHAN,B
1121,Rawatbhata,RJ-38,28,RAWABHATTA,CHITTORGARH,RAJASTHAN,B
1492,Abu Road,RJ-38,28,ABU ROAD,SIROHI,RAJASTHAN,B
1328,Balotra,RJ-39,28,BALOTRA,BARMER,RAJASTHAN,B
1277,Bhiwadi,RJ-40,28,BHIWADI,ALWAR,RAJASTHAN,B
1308,Chomu,RJ-41,28,CHOMU,JAIPUR,RAJASTHAN,B
1329,Kishangarh,RJ-42,28,KISHANGARH,AJMER,RAJASTHAN,B
1330,Phalodi,RJ-43,28,PHALODI,JODHPUR,RAJASTHAN,B
1331,Sujangarh,RJ-44,28,SUJANGARH,CHURU,RAJASTHAN,B
1347,"Vidhyadhar Nagar,",RJ-45,28,JAIPUR,JAIPUR,RAJASTHAN,B
1332,Bhinmal,RJ-46,28,BHINMAL,JALOR,RAJASTHAN,B
1370,Dudu,RJ-47,28,DUDU,JAIPUR,RAJASTHAN,B
1371,Kekri,RJ-48,28,KEKRI,AJMER,RAJASTHAN,B
1372,Nohar,RJ-49,28,NOHAR,HANUMANGARH,RAJASTHAN,B
1373,Nokha,RJ-50,28,NOKHA,BIKANER,RAJASTHAN,B
1374,Shahpura,RJ-51,28,SHAHPURA,BHILWARA,RAJASTHAN,B
1344,Shahpura,RJ-52,28,SHAHPURA,JAIPUR,RAJASTHAN,B
1637,Khetri,RJ-53,28,JHUNJHUNUN,JHUNJHUNUN,RAJASTHAN,B
751,Gangtok,SK-01,29,GANGTOK,EAST SIKKIM,SIKKIM,B
752,"Gyalshing, West Sikkim",SK-02,29,GYALSHING,WEST SIKKIM,SIKKIM,B
753,"Mangan, North Sikkim",SK-03,29,MANGAN,NORTH SIKKIM,SIKKIM,B
754,"Jorethang, South Sikkim",SK-04,29,JORETHANG,WEST SIKKIM,SIKKIM,B
755,Gangtok,SK-05,29,GANGTOK,EAST SIKKIM,SIKKIM,B
1635,Soreng,SK-06,29,SORENG,WEST SIKKIM,SIKKIM,B
1640,Pakyong,SK-07,29,PAKYONG,EAST SIKKIM,SIKKIM,B
756,Chennai Central (Ayanavaram),TN-01,30,Chennai,Chennai,TAMIL NADU,A
759,Chennai North West Anna Nagar,TN-02,30,CHENNAI,CHENNAI,TAMIL NADU,A
990,CHENNAI NORTH EAST(TONDIARPET),TN-03,30,Chennai,Chennai,TAMIL NADU,A
757,Chennai East (Basin Bridge),TN-04,30,Chennai,Chennai,TAMIL NADU,A
758,Chennai North,TN-05,30,Chennai,Chennai,TAMIL NADU,A
988,Chennai (Mandaveli),TN-06,30,Chennai,Chennai,TAMIL NADU,A
1516,Chennai (Royapettah),TN-06,30,CHENNAI,CHENNAI,TAMIL NADU,A
760,Chennai South (Thiruvanmiyur),TN-07,30,Chennai,Chennai,TAMIL NADU,A
762,Chennai West T Nagar,TN-09,30,Chennai,Chennai,TAMIL NADU,A
761,Chennai South West (Sai Nagar),TN-10,30,THIRUNAGAR,Chennai,TAMIL NADU,A
1524,Chennai South West (Virugambakkam),TN-10,30,CHENNAI,CHENNAI,TAMIL NADU,A
1276,Tambaram,TN-11,30,TAMBARAM,KANCHIPURAM,TAMIL NADU,A
1333,Poonamalee,TN-12,30,POONAMALEE,CHENNAI,TAMIL NADU,A
1430,Ambattur,TN-13,30,AMBATTUR,CHENNAI,TAMIL NADU,A
1350,Sholinganallur,TN-14,30,SHOLINGANALLUR,KANCHIPURAM,TAMIL NADU,A
1342,Kallakurichi,TN-15,30,KALLAKURICHI,VILLUPURAM,TAMIL NADU,B
1480,Ulundurpet,TN-15,30,ULUNDURPET,VILLUPURAM,TAMIL NADU,B
1294,Villpuram,TN-16,30,VILLUPURAM,VILLUPURAM,TAMIL NADU,B
1295,Tindivanam,TN-16,30,TINDIVANAM,VILLUPURAM,TAMIL NADU,B
1522,Gingee,TN-16,30,GINGEE,VILLUPURAM,TAMIL NADU,B
1207,SENGUNDRAM,TN-18,30,Chennai,Chennai,TAMIL NADU,A
1011,Chengalpattu,TN-19,30,CHENGALPATTU,CHENGALPATTU,TAMIL NADU,B
796,Tiruvallur,TN-20,30,THIRUVALLUR,CHENNAI,TAMIL NADU,B
770,Kanchipuram,TN-21,30,KANCHEEPURAM,KANCHIPURAM,TAMIL NADU,B
1458,Sriperumbudur,TN-21,30,SRIPERUBUDUR,KANCHIPURAM,TAMIL NADU,B
775,Meenambakkam,TN-22,30,Chennai,Chennai,TAMIL NADU,A
801,Vellore,TN-23,30,VELLORE,VELLORE,TAMIL NADU,B
772,Krishnagiri,TN-24,30,KRISHNAGIRI,KRISHNAGIRI,TAMIL NADU,B
792,Thiruvannamalai,TN-25,30,TIRUVANNAMALAI,TIRUVANNAMALAI,TAMIL NADU,B
785,Salem,TN-27,30,SALEM,SALEM,TAMIL NADU,B
779,Namakkal,TN-28,30,NAMAKKAL,NAMAKKAL,TAMIL NADU,B
1036,Rasipuram,TN-28,30,RASIPURAM,NAMAKKAL,TAMIL NADU,B
766,Dharmapuri,TN-29,30,DHARMAPURI,DHARMAPURI,TAMIL NADU,B
1505,Palacode,TN-29,30,PALACODE,DHARMAPURI,TAMIL NADU,B
1512,Harur,TN-29,30,HARUR,DHARMAPURI,TAMIL NADU,B
786,Salem,TN-30,30,SALEM,SALEM,TAMIL NADU,A
786,Salem,TN-30,30,SALEM,SALEM,TAMIL NADU,B
1506,Omalur,TN-30,30,OMALUR,SALEM,TAMIL NADU,B
765,Cuddalore,TN-31,30,CUDDALORE,CUDDALORE,TAMIL NADU,B
802,Villupuram,TN-32,30,VILUPPURAM,VILLUPURAM,TAMIL NADU,B
768,Erode,TN-33,30,ERODE,ERODE,TAMIL NADU,B
791,Thiruchengode,TN-34,30,THIRUCHENGODE,THIRUCHENGODE,TAMIL NADU,B
769,Gobichettipalayam,TN-36,30,GOBICHETTIPALAYAM,ERODE,TAMIL NADU,B
1031,Bhavani,TN-36,30,BHAVANI,ERODE,TAMIL NADU,B
1038,Sathyamangalam,TN-36,30,SATHYAMANGALAM,ERODE,TAMIL NADU,B
764,Coimbatore South,TN-37,30,COIMBATORE,COIMBATORE,TAMIL NADU,B
1622,Sulur,TN-37,30,COIMBATORE,COIMBATORE,TAMIL NADU,B
763,Coimbatore North,TN-38,30,COIMBATORE,COIMBATORE,TAMIL NADU,B
795,Tiruppur,TN-39,30,TIRUPPUR,COIMBATORE,TAMIL NADU,B
776,Mettupalayam,TN-40,30,METTUPALAYAM,COIMBATORE,TAMIL NADU,B
782,Pollachi,TN-41,30,POLLACHI,COIMBATORE,TAMIL NADU,B
1033,Kulithalai,TN-41,30,KULITHALAI,KARUR,TAMIL NADU,B
1035,Thottiyam,TN-41,30,THOTTIYAM,KARUR,TAMIL NADU,B
1491,Valparai,TN-41,30,VALPARAI,COIMBATORE,TAMIL NADU,B
799,TIRUPPUR SOUTH,TN-42,30,TIRUPPUR,COIMBATORE,TAMIL NADU,B
1037,Kangayam-Tirupur,TN-42,30,TIRUPUR,TIRUPUR,TAMIL NADU,B
800,Nilgiris,TN-43,30,NILGIRI EASTERN SLOPES,NILGIRIS,TAMIL NADU,B
793,Tiruchirapalli,TN-45,30,TIRUCHIRAPPALLI,TIRUCHIRAPPALLI,TAMIL NADU,B
1518,Manapparai,TN-45,30,MANAPPARAI,TIRUCHIRAPPALLI,TAMIL NADU,B
780,Perambalur,TN-46,30,PERAMBALUR,PERAMBALUR,TAMIL NADU,B
771,Karur,TN-47,30,KARUR,KARUR,TAMIL NADU,B
1497,Kulithalai,TN-47,30,KULITHALAI,KARUR,TAMIL NADU,B
1639,Aravakurichi,TN-47Y,30,ARAVAKURICHI,KARUR,TAMIL NADU,B
788,Sri Rangam,TN-48,30,TIRUCHIRAPPALLI,TIRUCHIRAPPALLI,TAMIL NADU,B
1106,Thuraiyur,TN-48,30,THURAIYUR,THANJAVUR,TAMIL NADU,B
1578,Lalgudi,TN-48,30,LALGUDI,TIRUCHIRAPPALLI,TAMIL NADU,B
1105,Thuraiyur,TN-48Z,30,THURAIYUR,THANJAVUR,TAMIL NADU,B
790,Thanjavur,TN-49,30,THANJAVUR,THANJAVUR,TAMIL NADU,B
1513,Pattukottai,TN-49,30,PATTUKKOTTAI,THANJAVUR,TAMIL NADU,B
797,Tiruvarur,TN-50,30,TIRUVARUR,THIRUVARUR,TAMIL NADU,B
777,Nagapattinam,TN-51,30,NAGAPATTINAM,NAGAPATTINAM,TAMIL NADU,B
984,Mettur,TN-52,30,METTUR,SALEM,TAMIL NADU,B
1032,Sankari,TN-52,30,SANKARI,SALEM,TAMIL NADU,B
1039,Paramathivelur,TN-52,30,PARAMATHIVELUR,NAMAKKAL,TAMIL NADU,B
983,Salem,TN-54,30,SALEM,SALEM,TAMIL NADU,B
783,Pudukottai,TN-55,30,PUDUKKOTTAGAM,THANJAVUR,TAMIL NADU,B
1489,Aranthangi,TN-55,30,ARANTHANGI,PUDUKKOTTAI,TAMIL NADU,B
985,Erode,TN-56,30,PERUNDURAI,ERODE,TAMIL NADU,B
1034,Perundurai,TN-56,30,PERUNDURAI,ERODE,TAMIL NADU,B
767,Dindigul,TN-57,30,DINDIGUL,DINDIGUL,TAMIL NADU,B
1495,Batlagundu,TN-57,30,BATLAGUNDU,DINDIGUL,TAMIL NADU,B
1510,Vedasandur,TN-57,30,VEDASANDUR,DINDIGUL,TAMIL NADU,B
774,Madurai South,TN-58,30,MADURAI,MADURAI,TAMIL NADU,B
1490,Usilampatti,TN-58,30,USILAMPATTI,MADURAI,TAMIL NADU,B
773,Madurai North,TN-59,30,MADURAI,MADURAI,TAMIL NADU,B
781,Periyakulam,TN-60,30,PERIYAKULAM,THENI,TAMIL NADU,B
1475,Theni,TN-60,30,THENI,THENI,TAMIL NADU,B
991,Ariyalur,TN-61,30,ARIYALUR,ARIYALUR,TAMIL NADU,B
787,Sivagangai,TN-63,30,SIVAGANGA,SIVAGANGA,TAMIL NADU,B
987,Madurai Central,TN-64,30,MADURAI,MADURAI,TAMIL NADU,B
784,Ramanathapuram,TN-65,30,RAMANATHAPURAM,RAMANATHAPURAM,TAMIL NADU,B
986,Coimbatore,TN-66,30,COIMBATORE,COIMBATORE,TAMIL NADU,B
1107,Coimbatore Central,TN-66,30,COIMBATORE,COIMBATORE,TAMIL NADU,B
803,Virudhunagar,TN-67,30,VIRUDHUNAGAR,VIRUDHUNAGAR,TAMIL NADU,B
1493,Aruppukkottai,TN-67,30,ARUPPUKKOTTAI,VIRUDHUNAGAR,TAMIL NADU,B
992,KUMBAKONAM,TN-68,30,KUMBAKONAM,THANJAVUR,TAMIL NADU,B
798,Tuticorin,TN-69,30,TUTICORIN,TUTICORIN,TAMIL NADU,B
1028,Kovilpatti,TN-69,30,KOVILPATTI,THOOTHUKKUDI,TAMIL NADU,B
1029,Tiruchendur,TN-69,30,TIRUCHENDUR,THOOTHUKKUDI,TAMIL NADU,B
1012,Hosur,TN-70,30,HOSUR,HOSUR,TAMIL NADU,B
794,Tirunelveli,TN-72,30,TIRUNELVELI,TIRUNELVELI,TAMIL NADU,B
1026,Valliyoor,TN-72,30,VALLIOOR,TIRUNELVELI,TAMIL NADU,B
982,Ranipet,TN-73,30,RANIPETTAI,VELLORE,TAMIL NADU,B
1591,Arakkonam,TN-73Z,30,ARAKKONAM,VELLORE,TAMIL NADU,B
778,Nagercoil,TN-74,30,NAGERCOIL,NAGERCOIL,TAMIL NADU,B
962,Marthandam,TN-75,30,MARTHANDAM,MARTHANDAM,TAMIL NADU,B
789,Tenkasi,TN-76,30,TENKASI,TIRUNELVELI,TAMIL NADU,B
1027,Sankarankovil,TN-76,30,SANKARANKOVIL,TIRUNELVELI,TAMIL NADU,B
1030,Ambasamudram,TN-76,30,AMBASAMUDRAM,TIRUNELVELI,TAMIL NADU,B
1108,Attur,TN-77,30,ATTUR,DINDIGUL,TAMIL NADU,B
1508,Valapadi,TN-77,30,VALAPADY,SALEM,TAMIL NADU,B
1109,Dharapuram,TN-78,30,DHARAPURAM,ERODE,TAMIL NADU,B
1110,Udumalpet,TN-78,30,UDUMALPET,COIMBATORE,TAMIL NADU,B
1291,Sankarankovil,TN-79,30,SANKARANKOVIL,TIRUNELVELI,TAMIL NADU,B
1392,Tiruchirappalli,TN-81,30,TIRUCHIRAPPALLI,TIRUCHIRAPPALLI,TAMIL NADU,B
1431,Mayiladuthurai,TN-82,30,MAYILADUTHURAI,NAGAPATTINAM,TAMIL NADU,B
1432,Sirkazhi,TN-82,30,NAGAPATTINAM,NAGAPATTINAM,TAMIL NADU,B
1433,Vaniyambadi,TN-83,30,VANIYAMBADI,VELLORE,TAMIL NADU,B
1434,Tirupattur,TN-83,30,TIRUPATTUR,VELLORE,TAMIL NADU,B
1435,Ambur,TN-83,30,AMBUR,VELLORE,TAMIL NADU,B
1436,Srivilliputhur,TN-84,30,SRIVILLIPUTHUR,VIRUDHUNAGAR,TAMIL NADU,B
1437,Sivakasi,TN-84,30,SIVAKASI,VIRUDHUNAGAR,TAMIL NADU,B
1369,Kundrathur,TN-85,30,KUNDRATHUR,KANCHIPURAM,TAMIL NADU,B
1438,Erode West,TN-86,30,ERODE,ERODE,TAMIL NADU,B
1439,Chidambaram,TN-87,30,CHIDAMBARAM,CUDDALORE,TAMIL NADU,B
1581,Sriperumbudur,TN-87,30,SRIPERUMBUDUR,KANCHIPURAM,TAMIL NADU,B
1337,Namakkal (South),TN-88,30,NAMAKKAL,NAMAKKAL,TAMIL NADU,B
1339,Paramathi Vellore,TN-88,30,NAMAKKAL,NAMAKKAL,TAMIL NADU,B
1368,Salem - South,TN-90,30,SALEM,SALEM,TAMIL NADU,B
1440,Thiruchendur,TN-91,30,THOOTHUKUDI,THOOTHUKKUDI,TAMIL NADU,B
1527,Virudhachalam,TN-91,30,VRIDDHACHALAM,CUDDALORE,TAMIL NADU,B
1528,Chidambaram,TN-91,30,CHIDAMBARAM,CUDDALORE,TAMIL NADU,B
1636,Neyveli,TN-91Y,30,NEYVELI,CUDDALORE,TAMIL NADU,B
1526,Tiruchendur,TN-92,30,THOOTHUKUDI,THOOTHUKKUDI,TAMIL NADU,B
1562,Mettur,TN-93,30,METTUR,SALEM,TAMIL NADU,B
1572,Palani,TN-94,30,PALANI,DINDIGUL,TAMIL NADU,B
1574,Sivakasi,TN-95,30,SIVAKASI,VIRUDHUNAGAR,TAMIL NADU,B
1577,Kovilpatti,TN-96,30,KOVILPATTI,THOOTHUKKUDI,TAMIL NADU,B
1620,Cheyyar,TN-97,30,CHEYYAR,TIRUVANNAMALAI,TAMIL NADU,B
1441,Coimbatore West,TN-99,30,COIMBATORE,COIMBATORE,TAMIL NADU,B
804,Agartala,TR-01,31,AGARTALA,TRIPURA - WEST,TRIPURA,B
805,Kailashahar,TR-02,31,KAILASHAHAR,TRIPURA - NORTH,TRIPURA,B
806,Udaipura,TR-03,31,UDAIPUR,TRIPURA - SOUTH,TRIPURA,B
956,Dharamanagar,TR-04,31,AMBASSA,DHALAI,TRIPURA,B
1334,Ambassa,TR-05,31,AMBASSA,DHALAI,TRIPURA,B
1483,Teliamura,TR-06,31,Teliamura,KHOWAI,TRIPURA,B
1473,Bishramganj,TR-07,31,BISHRAMGANJ,TRIPURA - SOUTH,TRIPURA,B
1474,Santirbazar,TR-08,31,SANTIRBAZAR,TRIPURA - SOUTH,TRIPURA,B
873,Saharanpur,UP-11,32,SAHARANPUR,SAHARANPUR,UTTAR PRADESH,B
863,Muzaffarnagar,UP-12,32,MUZAFFARNAGAR,MUZAFFARNAGAR,UTTAR PRADESH,B
825,Bulandshahr,UP-13,32,BULANDSHAHR,BULANDSHAHR,UTTAR PRADESH,B
837,Ghaziabad,UP-14,32,GHAZIABAD,GHAZIABAD,UTTAR PRADESH,B
860,Meerut,UP-15,32,MEERUT,MEERUT,UTTAR PRADESH,B
836,Gautam Buddha Nagar,UP-16,32,GAUTAM BUDDHA NAGAR,GAUTAM BUDDHA NAGAR,UTTAR PRADESH,B
865,Noida,UP-16,32,NOIDA,GHAZIABAD,UTTAR PRADESH,B
815,Baghpat,UP-17,32,BAGHPAT,BAGHPAT,UTTAR PRADESH,B
1119,Prabuddha Nagar,UP-18,32,SHAMLI,MUZAFFARNAGAR,UTTAR PRADESH,B
1309,Shamli,UP-19,32,SHAMLI,MUZAFFARNAGAR,UTTAR PRADESH,B
824,Bijnor,UP-20,32,BIJNOR,BIJNOR,UTTAR PRADESH,B
862,Moradabad,UP-21,32,MORADABAD,BARABANKI,UTTAR PRADESH,B
872,Rampur,UP-22,32,RAMPUR,RAMPUR,UTTAR PRADESH,B
847,Jyotiba Phule Nagar,UP-23,32,JYOTIBA PHULE NAGAR,JYOTIBA PHULE NAGAR,UTTAR PRADESH,B
814,Badaun,UP-24,32,BADAUN,BUDAUN,UTTAR PRADESH,B
821,Bareilly,UP-25,32,BAREILLY,BAREILLY,UTTAR PRADESH,B
868,Pilibhit,UP-26,32,PILIBHIT,PILIBHIT,UTTAR PRADESH,B
876,Shahjahanpur,UP-27,32,SHAHJAHANPUR,SHAHJAHANPUR,UTTAR PRADESH,B
1123,Ayodhya,UP-28,32,AYODHYA,FAIZABAD,UTTAR PRADESH,B
842,Hardoi,UP-30,32,HARDOI,HARDOI,UTTAR PRADESH,B
851,Kheri,UP-31,32,KHERI,KHERI,UTTAR PRADESH,B
853,Lucknow,UP-32,32,LUCKNOW,LUCKNOW,UTTAR PRADESH,B
871,Rai Bareli,UP-33,32,RAE BARELI,RAE BARELI,UTTAR PRADESH,B
1133,Raebareli For Commercial Vehicle,UP-33,32,RAE BARELI,RAE BARELI,UTTAR PRADESH,B
1130,Raebareli For Government Vehicle,UP-33G,32,RAE BARELI,RAE BARELI,UTTAR PRADESH,B
1128,Raebareli For Commercial Vehicle,UP-33T,32,RAE BARELI,RAE BARELI,UTTAR PRADESH,B
879,Sitapur,UP-34,32,SITAPUR,SITAPUR,UTTAR PRADESH,B
884,Unnao,UP-35,32,UNNAO,UNNAO,UTTAR PRADESH,B
1135,Lucknow,UP-36,32,LUCKNOW,LUCKNOW,UTTAR PRADESH,B
1457,Amethi,UP-36,32,AMETHI,SULTANPUR,UTTAR PRADESH,B
1274,Hapur,UP-37,32,HAPUR,GHAZIABAD,UTTAR PRADESH,B
1292,Bhim Nagar (Sambhal),UP-38,32,SAMBHAL,MORADABAD,UTTAR PRADESH,B
816,Bahraich,UP-40,32,BAHRAICH,BAHRAICH,UTTAR PRADESH,B
820,Barabanki,UP-41,32,BARABANKI,BARABANKI,UTTAR PRADESH,B
832,Faizabad,UP-42,32,FAIZABAD,FAIZABAD,UTTAR PRADESH,B
839,Gonda,UP-43,32,GONDA,GONDA,UTTAR PRADESH,B
881,Sultanpur,UP-44,32,SULTANPUR,SULTANPUR,UTTAR PRADESH,B
811,Ambedkarnagar,UP-45,32,AMBEDKAR NAGAR,AMBEDKARNAGAR,UTTAR PRADESH,B
877,Shrawasti,UP-46,32,BHINGA,SHRAWASTI,UTTAR PRADESH,B
818,Balrampur,UP-47,32,BALRAMPUR,BALRAMPUR,UTTAR PRADESH,B
813,Azamgarh,UP-50,32,AZAMGARH,AZAMGARH,UTTAR PRADESH,B
822,Basti,UP-51,32,BASTI,BASTI,UTTAR PRADESH,B
829,Deoria,UP-52,32,DEORIA,DEORIA,UTTAR PRADESH,B
840,Gorakhpur,UP-53,32,GORAKHPUR,GORAKHPUR,UTTAR PRADESH,B
1148,Gorakhpur For Government Vehicles,UP-53AG,32,GORAKHPUR,GORAKHPUR,UTTAR PRADESH,B
1144,Gorakhpur For Commercial Vehicles,UP-53T,32,GORAKHPUR,GORAKHPUR,UTTAR PRADESH,B
859,Mau,UP-54,32,MAU KUBER,MAU,UTTAR PRADESH,B
878,Siddharth Nagar,UP-55,32,SIDDHARTHNAGAR,SIDDHARTHNAGAR,UTTAR PRADESH,B
856,Mahrajganj,UP-56,32,MAHARAJGANJ,MAHARAJGANJ,UTTAR PRADESH,B
866,Padrauna,UP-57,32,PADRAUNA,KUSHINAGAR,UTTAR PRADESH,B
875,Sant Kabir Nagar,UP-58,32,SANT KABIR NAGAR,SANT KABIR NAGAR,UTTAR PRADESH,B
979,Hathras,UP-58,32,HATHRAS,HATHRAS,UTTAR PRADESH,B
817,Ballia,UP-60,32,BALLIA,BALLIA,UTTAR PRADESH,B
838,Ghazipur,UP-61,32,GHAZIPUR,GHAZIPUR,UTTAR PRADESH,B
845,Jaunpur,UP-62,32,JAUNPUR ,JAUNPUR,UTTAR PRADESH,B
1152,"Jaunpur For Taxis, Private Vehicle",UP-62T,32,JAUNPUR,JAUNPUR,UTTAR PRADESH,B
861,Mirzapur,UP-63,32,MIRZAPUR,MIRZAPUR,UTTAR PRADESH,B
880,Sonbhadra,UP-64,32,SONBADRA,SONBHADRA,UTTAR PRADESH,B
887,Varanasi,UP-65,32,VARANASI,VARANASI,UTTAR PRADESH,B
823,Bhadohi,UP-66,32,BHADOHI,SANT RAVIDAS NAGAR,UTTAR PRADESH,B
827,Chandauli,UP-67,32,CHANDAULI,CHANDAULI,UTTAR PRADESH,B
809,Allahabad,UP-70,32,ALLAHABAD,ALLAHABAD,UTTAR PRADESH,B
834,Fatehpur,UP-71,32,FATEHPUR,FATEHPUR,UTTAR PRADESH,B
870,Pratapgarh,UP-72,32,PRATAPGARH,PRATAPGARH,UTTAR PRADESH,B
850,Kaushambi,UP-73,32,MANJHANPUR,KAUSHAMBI,UTTAR PRADESH,B
1200,Kannauj,UP-74,32,KANNAUJ,KANNAUJ,UTTAR PRADESH,B
831,Etawah,UP-75,32,ETAWAH,ETAWAH,UTTAR PRADESH,B
1157,Etawah For Government Vehicles,UP-75G,32,ETAWAH,ETAWAH,UTTAR PRADESH,B
833,Farrukhabad,UP-76,32,FARRUKHABAD,FARRUKHABAD,UTTAR PRADESH,B
848,Kanpur - Rural,UP-77,32,KANPUR RURAL,KANPUR RURAL,UTTAR PRADESH,B
849,Kanpur - Urban,UP-78,32,KANPUR,KANPUR URBAN,UTTAR PRADESH,B
812,Auraiya,UP-79,32,AURAIYA,AURAIYA,UTTAR PRADESH,B
807,Agra,UP-80,32,AGRA,AGRA,UTTAR PRADESH,B
808,Aligarh,UP-81,32,ALIGARH,ALIGARH,UTTAR PRADESH,B
830,Etah,UP-82,32,ETAH,ETAH,UTTAR PRADESH,B
835,Firozabad,UP-83,32,FIROZABAD,FIROZABAD,UTTAR PRADESH,B
857,Mainpuri,UP-84,32,MAINPURI,MAINPURI,UTTAR PRADESH,B
858,Mathura,UP-85,32,MATHURA,MATHURA,UTTAR PRADESH,B
854,Mahamaya Nagar,UP-86,32,HATHRAS,HATHRAS,UTTAR PRADESH,B
1236,Kanshiram Nagar,UP-87,32,KASGANJ,ETAH,UTTAR PRADESH,B
819,Banda,UP-90,32,BANDA,BANDA,UTTAR PRADESH,B
841,Hamirpur,UP-91,32,HAMIRPUR,HAMIRPUR,UTTAR PRADESH,B
844,Jalaun,UP-92,32,JALAUN,JALAUN,UTTAR PRADESH,B
846,Jhansi,UP-93,32,JHANSI,JHANSI,UTTAR PRADESH,B
1164,Jhansi For Government Vehicles,UP-93AG,32,JHANSI,JHANSI,UTTAR PRADESH,B
1161,Jhansi For Public Transport,UP-93E,32,JHANSI,JHANSI,UTTAR PRADESH,B
852,Lalitpur,UP-94,32,LALITAPUR,LALITPUR,UTTAR PRADESH,B
855,Mahoba,UP-95,32,MAHOBA,MAHOBA,UTTAR PRADESH,B
874,Chitrakoot,UP-96,32,CHITRAKOOT,CHITRAKOOT,UTTAR PRADESH,B
888,Almora,UA-01,33,ALMORA RANGE,ALMORA,UTTARAKHAND,B
889,Bageshwar,UA-02,33,BAGESHWAR,BAGESHWAR,UTTARAKHAND,B
891,Champawat,UA-03,33,CHAMPAWAT,CHAMPAWAT,UTTARAKHAND,B
894,Nainital,UA-04,33,NAINITAL,NAINITAL,UTTARAKHAND,B
896,Pithoragarh,UA-05,33,PITHORAGARH,PITHORAGARH,UTTARAKHAND,B
899,Udham Singh Nagar,UA-06,33,UDHAM SINGH NAGAR,UDHAM SINGH NAGAR,UTTARAKHAND,B
892,Dehra Dun,UA-07,33,DEHRADUN,DEHRADUN,UTTARAKHAND,B
1197,Rishikesh,UA-07,33,RISHIKESH,DEHRADUN,UTTARAKHAND,B
893,Haridwar,UA-08,33,HARIDWAR,HARIDWAR,UTTARAKHAND,B
898,Tehri,UA-09,33,TEHRI,TEHRI GARHWAL,UTTARAKHAND,B
900,Uttarkashi,UA-10,33,UTTARKASHI,UTTARKASHI,UTTARAKHAND,B
890,Chamoli,UA-11,33,CHAMOLI,CHAMOLI,UTTARAKHAND,B
895,Pauri,UA-12,33,PAURI,PAURI GARHWAL,UTTARAKHAND,B
897,Rudraprayag,UA-13,33,RUDRAPRAYAG,RUDRAPRAYAG,UTTARAKHAND,B
1041,Almora,UK-01,33,ALMORA RANGE,ALMORA,UTTARAKHAND,B
1042,Bageshwar,UK-02,33,BAGESHWAR,BAGESHWAR,UTTARAKHAND,B
1044,Champawat,UK-03,33,CHAMPAWAT,CHAMPAWAT,UTTARAKHAND,B
1047,Nainital,UK-04,33,NAINITAL,NAINITAL,UTTARAKHAND,B
1049,Pithoragarh,UK-05,33,PITHORAGARH,PITHORAGARH,UTTARAKHAND,B
1052,Udham Singh Nagar,UK-06,33,UDHAM SINGH NAGAR,UDHAM SINGH NAGAR,UTTARAKHAND,B
1045,Dehra Dun,UK-07,33,DEHRADUN,DEHRADUN,UTTARAKHAND,B
1198,Rishikesh,UK-07,33,RISHIKESH,DEHRADUN,UTTARAKHAND,B
1046,Haridwar,UK-08,33,HARIDWAR,HARIDWAR,UTTARAKHAND,B
1051,Tehri,UK-09,33,TEHRI,TEHRI GARHWAL,UTTARAKHAND,B
1053,Uttarkashi,UK-10,33,UTTARKASHI,UTTARKASHI,UTTARAKHAND,B
1043,Chamoli,UK-11,33,CHAMOLI,CHAMOLI,UTTARAKHAND,B
1048,Pauri,UK-12,33,PAURI,PAURI GARHWAL,UTTARAKHAND,B
1050,Rudraprayag,UK-13,33,RUDRAPRAYAG,RUDRAPRAYAG,UTTARAKHAND,B
1401,Rishikesh,UK-14,33,RISHIKESH,DEHRADUN,UTTARAKHAND,B
1442,Kotdwar,UK-15,33,KOTDWARA,PAURI GARHWAL,UTTARAKHAND,B
1393,Vikasnagar,UK-16,33,VIKASNAGAR,DEHRADUN,UTTARAKHAND,B
1443,Roorkee,UK-17,33,ROORKEE,HARIDWAR,UTTARAKHAND,B
1335,Kashipur,UK-18,33,KASHIPUR,UDHAM SINGH NAGAR,UTTARAKHAND,B
1602,Ramnagar,UK-19,33,RAMNAGAR,NAINITAL,UTTARAKHAND,B
1229,Barasat,AR-01,34,KOLKATA,KOLKATA,WEST BENGAL,B
1230,Barrackpore,AR-01,34,KOLKATA,KOLKATA,WEST BENGAL,B
1231,Barrackpore,AR-02,34,KOLKATA,KOLKATA,WEST BENGAL,B
1232,Barrackpore,AR-AR,34,KOLKATA,KOLKATA,WEST BENGAL,B
1233,Barasat,RB-03,34,KOLKATA,KOLKATA,WEST BENGAL,B
1234,Barasat,RB-04,34,KOLKATA,KOLKATA,WEST BENGAL,B
1235,Barasat,RB-05,34,KOLKATA,KOLKATA,WEST BENGAL,B
935,Kolkata,WB-01,34,KOLKATA,KOLKATA,WEST BENGAL,A
936,Kolkata,WB-02,34,KOLKATA,KOLKATA,WEST BENGAL,A
1209,South 24 Parganas,WB-02,34,SOUTH 24 PARGANAS,KOLKATA,WEST BENGAL,A
937,Kolkata,WB-03,34,KOLKATA,KOLKATA,WEST BENGAL,A
1214,Barrackpore,WB-03,34,KOLKATA,KOLKATA,WEST BENGAL,A
1214,Barrackpore,WB-03,34,KOLKATA,KOLKATA,WEST BENGAL,B
938,Kolkata,WB-04,34,KOLKATA,KOLKATA,WEST BENGAL,A
939,Kolkata,WB-05,34,KOLKATA,KOLKATA,WEST BENGAL,A
959,Bheltala,WB-06,34,KOLKATA,KOLKATA,WEST BENGAL,A
959,Bheltala,WB-06,34,KOLKATA,KOLKATA,WEST BENGAL,B
1064,Kolkata (Private Four-Wheelers),WB-06,34,KOLKATA,KOLKATA,WEST BENGAL,A
1064,Kolkata (Private Four-Wheelers),WB-06,34,KOLKATA,KOLKATA,WEST BENGAL,B
1010,Kolkata,WB-07,34,KOLKATA,KOLKATA,WEST BENGAL,A
1004,Kolkata,WB-08,34,KOLKATA,KOLKATA,WEST BENGAL,A
1005,Kolkata,WB-09,34,KOLKATA,KOLKATA,WEST BENGAL,A
1006,Kolkata,WB-10,34,KOLKATA,KOLKATA,WEST BENGAL,A
929,Howrah,WB-11,34,HOWRAH,HOWRAH,WEST BENGAL,B
1210,Barasat,WB-11,34,KOLKATA,KOLKATA,WEST BENGAL,A
930,Howrah,WB-12,34,HOWRAH,HOWRAH,WEST BENGAL,B
1007,Howrah,WB-13,34,HOWRAH,HOWRAH,WEST BENGAL,B
1008,Howrah,WB-14,34,HOWRAH,HOWRAH,WEST BENGAL,B
927,Hooghly,WB-15,34,HOOGHLY,HOOGHLY,WEST BENGAL,B
1211,Barasat,WB-15,34,KOLKATA,KOLKATA,WEST BENGAL,B
928,Hooghly,WB-16,34,HOOGHLY,HOOGHLY,WEST BENGAL,B
1465,Serampore,WB-17,34,SERAMPORE,HOOGHLY,WEST BENGAL,B
1009,Hooghly,WB-18,34,HOOGHLY,HOOGHLY,WEST BENGAL,B
901,24 Paraganas South,WB-19,34,SOUTH 24 PARGANAS,KOLKATA,WEST BENGAL,B
902,24 Paraganas South,WB-20,34,SOUTH 24 PARGANAS,KOLKATA,WEST BENGAL,B
1630,Basirhat,WB-21,34,BASIRHAT,NORTH 24 PARGANAS,WEST BENGAL,B
1216,"South 24 Parganas, Alipore",WB-22,34,SOUTH 24 PARGANAS,KOLKATA,WEST BENGAL,B
1517,Basirhat,WB-22,34,BASIRHAT,NORTH 24 PARGANAS,WEST BENGAL,B
913,Barrackpore,WB-23,34,BARRACKPUR,NORTH 24 PARGANAS,WEST BENGAL,B
914,Barrackpore,WB-24,34,BARRACKPUR,NORTH 24 PARGANAS,WEST BENGAL,B
1212,South 24 Parganas,WB-24,34,SOUTH 24 PARGANAS,KOLKATA,WEST BENGAL,B
911,Barasat,WB-25,34,BARASAT,NORTH 24 PARGANAS,WEST BENGAL,B
912,Barasat,WB-26,34,BARASAT,NORTH 24 PARGANAS,WEST BENGAL,B
1511,Bongaon,WB-27,34,BANGAON,NORTH 24 PARGANAS,WEST BENGAL,B
1509,Bangaon,WB-28,34,BANGAON,NORTH 24 PARGANAS,WEST BENGAL,B
954,Tamluk,WB-29,34,TAMLUK,MEDINIPUR,WEST BENGAL,B
955,Tamluk,WB-30,34,TAMLUK,MEDINIPUR,WEST BENGAL,B
919,Contai,WB-31,34,CONTAI,MEDINIPUR,WEST BENGAL,B
920,Contai,WB-32,34,CONTAI,MEDINIPUR,WEST BENGAL,B
942,Midnapur,WB-33,34,MEDINIPUR,MEDINIPUR,WEST BENGAL,B
943,Midnapur,WB-34,34,MEDINIPUR,MEDINIPUR,WEST BENGAL,B
1567,Kharagpur,WB-35,34,KHARAGPUR,WEST MIDNAPORE,WEST BENGAL,B
1218,Midnapore,WB-36,34,MEDINIPUR,MEDINIPUR,WEST BENGAL,B
1293,West Medinipur,WB-36,34,MIDNAPORE,WEST MIDNAPORE,WEST BENGAL,B
905,Asansol,WB-37,34,ASANSOL,ASANSOL,WEST BENGAL,B
906,Asansol,WB-38,34,ASANSOL,ASANSOL,WEST BENGAL,B
925,Durgapur,WB-39,34,DURGAPUR,DURGAPUR,WEST BENGAL,B
926,Durgapur,WB-40,34,DURGAPUR,DURGAPUR,WEST BENGAL,B
917,Burdwan,WB-41,34,BURDWAN,BARDHAMAN,WEST BENGAL,B
918,Burdwan,WB-42,34,BURDWAN,BARDHAMAN,WEST BENGAL,B
1449,Kalna,WB-43,34,KALNA,BARDDHAMAN,WEST BENGAL,B
1016,Asansol,WB-44,34,ASANSOL,ASANSOL,WEST BENGAL,B
1399,Kalna,WB-44,34,KALNA,BARDDHAMAN,WEST BENGAL,B
1452,Rampurhat,WB-45,34,RAMPURHAT,BIRBHUM,WEST BENGAL,B
1453,Rampurhat,WB-46,34,RAMPURHAT,BIRBHUM,WEST BENGAL,B
1459,Bolpur,WB-47,34,BOLPUR,BIRBHUM,WEST BENGAL,B
1402,Bolpur,WB-48,34,BOLPUR,BIRBHUM,WEST BENGAL,B
1582,Jhargram,WB-49,34,MEHADIPUR,MEDINIPUR,WEST BENGAL,B
1534,Jhargram,WB-50,34,MEDINIPUR,MEDINIPUR,WEST BENGAL,B
946,Nadia,WB-51,34,NADIA,NADIA,WEST BENGAL,B
947,Nadia,WB-52,34,NADIA,NADIA,WEST BENGAL,B
915,Birbhum,WB-53,34,BIRBHUM,BIRBHUM,WEST BENGAL,B
916,Birbhum,WB-54,34,SURI,BIRBHUM,WEST BENGAL,B
948,Purulia,WB-55,34,PURULIYA,PURULIYA,WEST BENGAL,B
949,Purulia,WB-56,34,PURULIYA,PURULIYA,WEST BENGAL,B
944,Murshidabad,WB-57,34,MURSHIDABAD,MURSHIDABAD,WEST BENGAL,B
1215,Patna,WB-57,34,MURSHIDABAD,MURSHIDABAD,WEST BENGAL,B
945,Murshidabad,WB-58,34,MURSHIDABAD,MURSHIDABAD,WEST BENGAL,B
950,Raiganj,WB-59,34,RAIGANJ,RAIGANJ,WEST BENGAL,B
951,Raiganj,WB-60,34,RAIGANJ,RAIGANJ,WEST BENGAL,B
907,Balurghat,WB-61,34,BALURGHAT,SOUTH DINAJPUR,WEST BENGAL,B
908,Balurghat,WB-62,34,BALURGHAT,SOUTH DINAJPUR,WEST BENGAL,B
921,Cooch Behar,WB-63,34,COOCH,COOCH BEHAR,WEST BENGAL,B
922,Cooch Behar,WB-64,34,COOCH,COOCH BEHAR,WEST BENGAL,B
940,Malda,WB-65,34,MALDA,MALDA,WEST BENGAL,B
941,Malda,WB-66,34,MALDA,MALDA,WEST BENGAL,B
909,Bankura,WB-67,34,BANKURA,BANKURA,WEST BENGAL,B
910,Bankura,WB-68,34,BANKURA,BANKURA,WEST BENGAL,B
903,Alipur Dawar,WB-69,34,ALIPURDUAR RLY.JNC.,JALPAIGURI,WEST BENGAL,B
904,Alipurduar,WB-70,34,ALIPURDUAR - I,JALPAIGURI,WEST BENGAL,B
931,Jalpaiguri,WB-71,34,JALPAIGURI,JALPAIGURI,WEST BENGAL,B
932,Jalpaiguri,WB-72,34,JALPAIGURI,JALPAIGURI,WEST BENGAL,B
952,Siliguri,WB-73,34,SILIGURI,DARJILING,WEST BENGAL,B
953,Siliguri,WB-74,34,SILIGURI,DARJILING,WEST BENGAL,B
1628,Katwa,WB-75,34,KATWA - I,BARDDHAMAN,WEST BENGAL,B
923,Darjeeling,WB-76,34,DARJILING,DARJILING,WEST BENGAL,B
924,Darjeeling,WB-77,34,DARJILING,DARJILING,WEST BENGAL,B
933,Kalimpong,WB-78,34,KALIMPONG,DARJILING,WEST BENGAL,B
934,Kalimpong,WB-79,34,KALIMPONG,DARJILING,WEST BENGAL,B
1461,Purulia,WB-81,34,PURULIYA,PURULIYA,WEST BENGAL,B
1348,Raghunathpur,WB-82,34,RAGHUNATHPUR,PURULIYA,WEST BENGAL,B
1556,Chanchal,WB-83,34,CHANCHAL,MALDA,WEST BENGAL,B
1557,Chanchal,WB-84,34,CHANCHAL,MALDA,WEST BENGAL,B
1486,Mathabhanga,WB-85,34,MATHABHANGA,KOCH BIHAR,WEST BENGAL,B
1450,Mathabhanga,WB-86,34,MATHABHANGA`,COOCH BEHAR,WEST BENGAL,B
1625,Bishnupur,WB-87,34,BISHANPUR,BANKURA,WEST BENGAL,B
1349,Bishnupur,WB-88,34,BISHNUPUR,BANKURA,WEST BENGAL,B
1366,Kalyani,WB-89,34,NORTH 24 PGS,NORTH 24 PARGANAS,WEST BENGAL,B
1367,Kalyani,WB-90,34,NORTH 24 PGS,NORTH 24 PARGANAS,WEST BENGAL,B
1351,Islampur,WB-91,34,ISLAMPUR,NORTH DINAJPUR,WEST BENGAL,B
1444,Islampur,WB-92,34,ISLAMPUR,NORTH DINAJPUR,WEST BENGAL,B
1479,Jangipur,WB-93,34,JANGIPUR,MURSHIDABAD,WEST BENGAL,B
1445,Jahangirpur,WB-94,34,JAHANGIRPUR,MURSHIDABAD,WEST BENGAL,B
1469,Baruipur,WB-95,34,BARUIPUR,SOUTH 24 PARGANAS,WEST BENGAL,B
1451,Baruipur,WB-96,34,BARUIPUR,SOUTH 24 PARGANAS,WEST BENGAL,B
1531,Diamond Harbour,WB-97,34,SOUTH 24 PARGANAS,SOUTH 24 PARGANAS,WEST BENGAL,B
1454,Diamond Harbour,WB-98,34,SOUTH 24 PARGANAS,SOUTH 24 PARGANAS,WEST BENGAL,B
1558,Bongaon,WBR-3036,34,NORTH 24 PARGANAS,NORTH 24 PARGANAS,WEST BENGAL,B
1515,Darjeeling,WGY-2644,34,DARJILING,DARJILING,WEST BENGAL,B
605,Shillong,ML-01,36,SHILLONG,SHILLONG,MEGHALAYA,B
606,Shillong,ML-02,36,SHILLONG,SHILLONG,MEGHALAYA,B
607,Shillong,ML-03,36,SHILLONG,SHILLONG,MEGHALAYA,B
603,Jaintia Hills,ML-04,36,JAINTIA HILLS,JAINTIA HILLS,MEGHALAYA,B
602,East Khasi Hills,ML-05,36,EAST KHASI HILLS,EAST KHASI HILLS,MEGHALAYA,B
610,West Khasi Hills,ML-06,36,WEST KHASI HILLS,WEST KHASI HILLS,MEGHALAYA,B
601,East Garo Hills,ML-07,36,EAST GARO HILLS,EAST GARO HILLS,MEGHALAYA,B
609,West Garo Hills,ML-08,36,WEST GARO HILLS,WEST GARO HILLS,MEGHALAYA,B
608,South Garo Hills,ML-09,36,SOUTH GARO HILLS,SOUTH GARO HILLS,MEGHALAYA,B
604,Ri-Bhoi,ML-10,36,RI-BHOI,SHILLONG,MEGHALAYA,B
1559,East Jaintia Hills,ML-11,36,KHLIEHRIAT,JAINTIA HILLS,MEGHALAYA,B
1632,South West Khasi Hills,ML-12,36,WEST KHASI HILLS,WEST KHASI HILLS,MEGHALAYA,B
1336,North Garo Hills,ML-13,36,RESUBELPARA,WEST GARO HILLS,MEGHALAYA,B
1587,South West Garo Hills,ML-14,36,AMPATI,WEST GARO HILLS,MEGHALAYA,B
3,Adilabad,AP-01,40,ADILABAD,ADILABAD,TELANGANA,B
41,Mancherial,AP-01,40,MANCHERIAL,ADILABAD,TELANGANA,B
50,Nirmal,AP-01,40,NIRMAL,ADILABAD,TELANGANA,B
58,Proddutur,AP-04,40,PRODDUTUR,KHAMMAM,TELANGANA,B
22,Khairatabad,AP-09,40,KHAIRATABAD,HYDERABAD,TELANGANA,A
22,Khairatabad,AP-09,40,KHAIRATABAD,HYDERABAD,TELANGANA,B
1529,Hyderabad,AP-09,40,HYDERABAD,HYDERABAD,TELANGANA,A
1529,Hyderabad,AP-09,40,HYDERABAD,HYDERABAD,TELANGANA,B
64,Secunderabad,AP-10,40,SECUNDERABAD,HYDERABAD,TELANGANA,B
40,Malakpet,AP-11,40,MALKAPET,KARIMNAGAR,TELANGANA,B
8,Bahadurpura,AP-12,40,KHAIRATABAD,HYDERABAD,TELANGANA,B
44,Mehdipatnam,AP-13,40,KHAIRATABAD,HYDERABAD,TELANGANA,B
29,Karimnagar,AP-14,40,KARIM NAGAR,KARIMNAGAR,TELANGANA,B
23,Jagtial,AP-15,40,SECUNDERABAD,HYDERABAD,TELANGANA,B
30,Karimnagar,AP-15,40,KARIM NAGAR,KARIMNAGAR,TELANGANA,B
55,Peddapalli,AP-15,40,PEDDAPALLI,KARIMNAGAR,TELANGANA,B
32,Khammam,AP-20,40,KHAMMAM,KHAMMAM,TELANGANA,B
33,Kothagudem,AP-20,40,KOTHAGUDEM,KHAMMAM,TELANGANA,B
63,Sathupally,AP-20,40,SATHUPALLE,KHAMMAM,TELANGANA,B
83,Yellandu,AP-20,40,KHAMMAM,KHAMMAM,TELANGANA,B
15,Gadwal,AP-22,40,GADWAL,MAHBUBNAGAR,TELANGANA,B
39,Mahbubnagar,AP-22,40,MAHBUBNAGAR,MAHBUBNAGAR,TELANGANA,B
54,Pebbair,AP-22,40,PEBBAIR,MAHBUBNAGAR,TELANGANA,B
43,Medak,AP-23,40,PATANCHERU,MEDAK,TELANGANA,B
62,Sangareddy,AP-23,40,SANGAREDDY,MEDAK,TELANGANA,B
65,Siddipet,AP-23,40,SIDDIPET,MEDAK,TELANGANA,B
1470,Patancheru,AP-23,40,PATANCHERU,MEDAK,TELANGANA,B
10,Bhongir,AP-24,40,BHONGIR,NALGONDA,TELANGANA,B
45,Nalgonda,AP-24,40,NALGODNA,NALGONDA,TELANGANA,B
68,Suryapet,AP-24,40,SURYAPET,NALGONDA,TELANGANA,B
28,Kamareddy,AP-25,40,KAMAREDDY,NIZAMABAD,TELANGANA,B
51,Nizamabad,AP-25,40,NIZAMABAD,NIZAMABAD,TELANGANA,B
60,Rangareddy,AP-28,40,K.V.RANGAREDDY,HYDERABAD,TELANGANA,B
1356,Kukatpally,AP-28,40,HYDERABAD,HYDERABAD,TELANGANA,B
1471,Medchal,AP-28,40,MEDCHAL,RANGAREDDI,TELANGANA,B
61,Rangareddy,AP-29,40,K.V.RANGAREDDY,HYDERABAD,TELANGANA,B
24,Jangaon,AP-36,40,JANGAON,WARANGAL,TELANGANA,B
82,Warangal,AP-36,40,WARANGAL,WARANGAL,TELANGANA,B
1378,Adilabad,TS-01,40,ADILABAD,ADILABAD,TELANGANA,B
1375,Karimnagar,TS-02,40,KARIMNAGAR,KARIMNAGAR,TELANGANA,B
1376,Warangal,TS-03,40,WARANGAL,WARANGAL,TELANGANA,B
1379,Khammam,TS-04,40,KHAMMAM,KHAMMAM,TELANGANA,B
1487,Bhadrachalam,TS-04,40,Bhadrachalam,KHAMMAM,TELANGANA,B
1380,Nalgonda,TS-05,40,NALGONDA,NALGONDA,TELANGANA,B
1381,Mahabubnagar,TS-06,40,MAHABUBNAGAR,MAHBUBNAGAR,TELANGANA,B
1396,Attapur-Rangareddy,TS-07,40,ATTAPUR,RANGAREDDI,TELANGANA,B
1397,Kukatpally-Rangareddy,TS-07,40,KUKATPALLY,RANGAREDDI,TELANGANA,B
1398,Medchal-Rangareddy,TS-07,40,MEDCHAL,RANGAREDDI,TELANGANA,B
1394,Uppal Kalan,TS-08,40,UPPAL KALAN,RANGAREDDI,TELANGANA,B
1395,Ibrahimpatnam,TS-08,40,IBRAHIMPATNAM,RANGAREDDI,TELANGANA,B
1519,Rangareddy,TS-08,40,K.V.RANGAREDDY,RANGAREDDI,TELANGANA,B
1563,Kukatpally,TS-08,40,HYDERABAD,HYDERABAD,TELANGANA,B
1568,Medchal,TS-08,40,MEDCHAL,RANGAREDDI,TELANGANA,B
1382,Hyderabad Central Khairatabad,TS-09,40,KHAIRTABAD,HYDERABAD,TELANGANA,A
1382,Hyderabad Central Khairatabad,TS-09,40,KHAIRTABAD,HYDERABAD,TELANGANA,B
1383,Hyderabad North Secunderabad,TS-10,40,SECUNDRABAD,HYDERABAD,TELANGANA,B
1384,Hyderabad East Malakpet,TS-11,40,MALAKPET,HYDERABAD,TELANGANA,A
1384,Hyderabad East Malakpet,TS-11,40,MALAKPET,HYDERABAD,TELANGANA,B
1377,Hyderabad Kisanbagh,TS-12,40,KISHAN BAGH,HYDERABAD,TELANGANA,B
1385,Hyderabad Bahadurpura,TS-12,40,BAHADURPURA,HYDERABAD,TELANGANA,A
1385,Hyderabad Bahadurpura,TS-12,40,BAHADURPURA,HYDERABAD,TELANGANA,B
1386,Hyderabad Mehadipatnum,TS-13,40,MEHADIPATNUM,HYDERABAD,TELANGANA,A
1386,Hyderabad Mehadipatnum,TS-13,40,MEHADIPATNUM,HYDERABAD,TELANGANA,B
1387,Hyderabad Medchal,TS-14,40,MEDCHAL,HYDERABAD,TELANGANA,A
1387,Hyderabad Medchal,TS-14,40,MEDCHAL,HYDERABAD,TELANGANA,B
1388,Medak,TS-15,40,MEDAK,MEDAK,TELANGANA,B
1391,Siddipet,TS-15,40,SIDDIPET,MEDAK,TELANGANA,B
1561,Patancheru,TS-15,40,PATANCHERU,MEDAK,TELANGANA,B
1389,Nizamabad,TS-16,40,NIZAMABAD,NIZAMABAD,TELANGANA,A
1389,Nizamabad,TS-16,40,NIZAMABAD,NIZAMABAD,TELANGANA,B
1540,Kamareddy,TS-17,40,KAMAREDDY,NIZAMABAD,TELANGANA,B
1546,Nirmal,TS-18,40,NIRMAL,ADILABAD,TELANGANA,B
1543,Mancherial,TS-19,40,MANCHERIAL,ADILABAD,TELANGANA,B
1541,Komram Bheem (Asifabad),TS-20,40,ASIFABAD,ADILABAD,TELANGANA,B
1536,Jagitial,TS-21,40,JAGTIAL,KARIMNAGAR,TELANGANA,B
1547,Peddapally,TS-22,40,PEDDAPALLE,KARIMNAGAR,TELANGANA,B
1548,Rajanna Siricilla,TS-23,40,SIRCILLA,KARIMNAGAR,TELANGANA,B
1553,Warangal Rural,TS-24,40,WARANGAL,WARANGAL,TELANGANA,B
1538,Jayashankar (Bhupalapally),TS-25,40,BHUPALAPALLI,WARANGAL,TELANGANA,B
1542,Mahbubabad,TS-26,40,MAHABUBABAD,WARANGAL,TELANGANA,B
1537,Jangaon,TS-27,40,JANGAON,WARANGAL,TELANGANA,B
1535,Bhadradri (Kothagudem),TS-28,40,KHAMMAM,KHAMMAM,TELANGANA,B
1550,Suryapet,TS-29,40,SURYAPET,NALGONDA,TELANGANA,B
1552,Yadadri,TS-30,40,YADAGIRIGUTTA,NALGONDA,TELANGANA,B
1545,Nagarkurnool,TS-31,40,NAGARKURNOOL,MAHBUBNAGAR,TELANGANA,B
1551,Wanaparthi,TS-32,40,WANAPARTHY,MAHBUBNAGAR,TELANGANA,B
1539,Jogulamba Gadwal,TS-33,40,GADWAL,MAHBUBNAGAR,TELANGANA,B
1554,Vikarabad,TS-34,40,HYDERABAD,HYDERABAD,TELANGANA,B
1544,Medak,TS-35,40,MEDAK,MEDAK,TELANGANA,B
1549,Siddipet,TS-36,40,SIDDIPET,MEDAK,TELANGANA,B
